Z,ktar,jdim,angle_capture_frac_1pct,n_angle_below_1pct,eigspace_err_2,eigspace_err_fro,capture_frac_1pct,n_res_below_1pct,mean_residual,max_residual
A,10,1,0,0,1,0.994868,0,0,0.994853,0.999998
A,10,2,0,0,1,0.994426,0,0,0.994408,0.999998
A,10,3,0,0,1,0.993107,0,0,0.99308,0.999997
A,10,4,0,0,1,0.991225,0,0,0.991181,0.999997
A,10,5,0,0,1,0.98964,0,0,0.989578,0.999996
A,10,6,0,0,1,0.988347,0,0,0.988269,0.999996
A,10,7,0,0,1,0.986948,0,0,0.98685,0.999995
A,10,8,0,0,1,0.985227,0,0,0.9851,0.999995
A,10,9,0,0,1,0.983206,0,0,0.983041,0.999994
A,10,10,0,0,1,0.981097,0,0,0.980886,0.999993
A,10,11,0,0,1,0.979243,0,0,0.978986,0.999993
A,10,12,0,0,1,0.977691,0,0,0.977392,0.999992
A,10,13,0,0,1,0.976219,0,0,0.975877,0.999992
A,10,14,0,0,1,0.974809,0,0,0.974422,0.999991
A,10,15,0,0,1,0.973312,0,0,0.972873,0.999991
A,10,16,0,0,1,0.971836,0,0,0.971342,0.999991
A,10,17,0,0,1,0.970413,0,0,0.969861,0.99999
A,10,18,0,0,1,0.969043,0,0,0.968432,0.99999
A,10,19,0,0,1,0.967821,0,0,0.967154,0.99999
A,10,20,0,0,1,0.966755,0,0,0.966036,0.999989
A,10,21,0,0,1,0.965809,0,0,0.96504,0.999989
A,10,22,0,0,1,0.96486,0,0,0.96404,0.999989
A,10,23,0,0,1,0.963868,0,0,0.962993,0.999989
A,10,24,0,0,1,0.962806,0,0,0.961869,0.999989
A,10,25,0,0,1,0.961698,0,0,0.960693,0.999989
A,10,26,0,0,1,0.96059,0,0,0.959516,0.999989
A,10,27,0,0,1,0.959462,0,0,0.958315,0.999989
A,10,28,0,0,1,0.958271,0,0,0.957045,0.999988
A,10,29,0,0,1,0.957018,0,0,0.955707,0.999988
A,10,30,0,0,1,0.955684,0,0,0.954281,0.999988
A,10,31,0,0,1,0.954321,0,0,0.952822,0.999988
A,10,32,0,0,1,0.952995,0,0,0.951401,0.999988
A,10,33,0,0,1,0.951747,0,0,0.950064,0.999988
A,10,34,0,0,1,0.950617,0,0,0.948854,0.999988
A,10,35,0,0,1,0.94949,0,0,0.947647,0.999988
A,10,36,0,0,1,0.948378,0,0,0.946458,0.999988
A,10,37,0,0,1,0.947308,0,0,0.945316,0.999988
A,10,38,0,0,1,0.94625,0,0,0.94419,0.999988
A,10,39,0,0,1,0.94516,0,0,0.943031,0.999988
A,10,40,0,0,1,0.944124,0,0,0.941932,0.999988
A,10,41,0,0,1,0.943133,0,0,0.940883,0.999988
A,10,42,0,0,1,0.942199,0,0,0.939898,0.999988
A,10,43,0,0,1,0.941273,0,0,0.938923,0.999988
A,10,44,0,0,1,0.940388,0,0,0.937993,0.999988
A,10,45,0,0,1,0.939497,0,0,0.93706,0.999988
A,10,46,0,0,1,0.938592,0,0,0.936113,0.999988
A,10,47,0,0,1,0.937594,0,0,0.935071,0.999987
A,10,48,0,0,1,0.936516,0,0,0.933945,0.999987
A,10,49,0,0,1,0.935386,0,0,0.932763,0.999987
A,10,50,0,0,1,0.93425,0,0,0.931573,0.999987
A,10,51,0,0,1,0.933111,0,0,0.930379,0.999986
A,10,52,0,0,1,0.931973,0,0,0.929183,0.999986
A,10,53,0,0,1,0.930778,0,0,0.927921,0.999985
A,10,54,0,0,1,0.929535,0,0,0.926605,0.999985
A,10,55,0,0,1,0.928257,0,0,0.925244,0.999984
A,10,56,0,0,1,0.927039,0,0,0.923941,0.999984
A,10,57,0,0,1,0.925798,0,0,0.922604,0.999983
A,10,58,0,0,1,0.924593,0,0,0.921297,0.999983
A,10,59,0,0,1,0.92346,0,0,0.920058,0.999982
A,10,60,0,0,1,0.922419,0,0,0.918912,0.999982
A,10,61,0,0,1,0.921394,0,0,0.917772,0.999982
A,10,62,0,0,1,0.920348,0,0,0.916599,0.999981
A,10,63,0,0,1,0.919231,0,0,0.915333,0.999981
A,10,64,0,0,1,0.917927,0,0,0.913839,0.99998
A,10,65,0,0,1,0.916463,0,0,0.91214,0.999979
A,10,66,0,0,1,0.914795,0,0,0.910175,0.999979
A,10,67,0,0,1,0.912977,0,0,0.907995,0.999978
A,10,68,0,0,1,0.911198,0,0,0.905824,0.999978
A,10,69,0,0,1,0.909441,0,0,0.90364,0.999977
A,10,70,0,0,1,0.907768,0,0,0.901522,0.999977
A,10,71,0,0,1,0.906078,0,0,0.899343,0.999976
A,10,72,0,0,1,0.904473,0,0,0.897236,0.999976
A,10,73,0,0,1,0.902869,0,0,0.895094,0.999976
A,10,74,0,0,1,0.901247,0,0,0.892892,0.999975
A,10,75,0,0,1,0.899565,0,0,0.890566,0.999975
A,10,76,0,0,1,0.897801,0,0,0.888083,0.999975
A,10,77,0,0,1,0.896005,0,0,0.885504,0.999975
A,10,78,0,0,1,0.894173,0,0,0.88282,0.999975
A,10,79,0,0,1,0.892382,0,0,0.880141,0.999975
A,10,80,0,0,1,0.890634,0,0,0.877471,0.999974
A,10,81,0,0,1,0.888976,0,0,0.874888,0.999974
A,10,82,0,0,1,0.887401,0,0,0.872386,0.999974
A,10,83,0,0,1,0.885884,0,0,0.869933,0.999974
A,10,84,0,0,1,0.88448,0,0,0.867625,0.999974
A,10,85,0,0,1,0.883134,0,0,0.86538,0.999974
A,10,86,0,0,1,0.881824,0,0,0.863165,0.999974
A,10,87,0,0,1,0.880457,0,0,0.860818,0.999974
A,10,88,0,0,1,0.879014,0,0,0.858298,0.999974
A,10,89,0,0,1,0.877591,0,0,0.855759,0.999974
A,10,90,0,0,1,0.876169,0,0,0.853162,0.999974
A,10,91,0.1,1,1,0.874854,0,0,0.850701,0.999974
A,10,92,0.1,1,1,0.873698,0,0,0.848489,0.999974
A,10,93,0.1,1,1,0.872734,0,0,0.846611,0.999973
A,10,94,0.1,1,1,0.871886,0,0,0.844942,0.999973
A,10,95,0.1,1,1,0.871142,0,0,0.843472,0.999973
A,10,96,0.1,1,1,0.870464,0,0,0.842132,0.999972
A,10,97,0.1,1,1,0.86986,0,0,0.840948,0.999972
A,10,98,0.1,1,1,0.869329,0,0,0.839927,0.999972
A,10,99,0.1,1,1,0.868833,0,0,0.838999,0.999971
A,10,100,0.1,1,1,0.868349,0,0,0.838126,0.99997
A,10,101,0.1,1,1,0.867856,0,0,0.837272,0.99997
A,10,102,0.1,1,1,0.867306,0,0,0.836357,0.999969
A,10,103,0.1,1,1,0.866633,0,0,0.835279,0.999968
A,10,104,0.1,1,1,0.865795,0,0,0.83397,0.999966
A,10,105,0.1,1,1,0.864803,0,0,0.83245,0.999964
A,10,106,0.1,1,1,0.863689,0,0,0.830765,0.999961
A,10,107,0.1,1,1,0.862521,0,0,0.829014,0.999959
A,10,108,0.1,1,1,0.861319,0,0,0.827226,0.999956
A,10,109,0.1,1,1,0.860078,0,0,0.825395,0.999953
A,10,110,0.1,1,1,0.858785,0,0,0.823496,0.99995
A,10,111,0.1,1,1,0.857513,0,0,0.821637,0.999947
A,10,112,0.1,1,1,0.856245,0,0,0.819793,0.999944
A,10,113,0.1,1,1,0.855049,0,0,0.818062,0.999942
A,10,114,0.1,1,1,0.853898,0,0,0.816406,0.999939
A,10,115,0.1,1,1,0.852779,0,0,0.814809,0.999936
A,10,116,0.1,1,1,0.851614,0,0,0.813157,0.999934
A,10,117,0.1,1,1,0.850363,0,0,0.811392,0.999931
A,10,118,0.1,1,1,0.848896,0,0,0.809323,0.999928
A,10,119,0.1,1,1,0.84727,0,0,0.807022,0.999925
A,10,120,0.1,1,1,0.845557,0,0,0.804579,0.999921
A,10,121,0.1,1,1,0.843914,0,0,0.802217,0.999918
A,10,122,0.1,1,1,0.842253,0,0,0.799806,0.999915
A,10,123,0.1,1,1,0.8405,0,0,0.797233,0.999912
A,10,124,0.1,1,1,0.838616,0,0,0.794427,0.999909
A,10,125,0.1,1,1,0.836526,0,0,0.791254,0.999906
A,10,126,0.1,1,1,0.834394,0,0,0.78794,0.999903
A,10,127,0.1,1,1,0.832315,0,0,0.784622,0.9999
A,10,128,0.1,1,1,0.830307,0,0,0.781328,0.999897
A,10,129,0.1,1,1,0.828391,0,0,0.778088,0.999895
A,10,130,0.1,1,1,0.826555,0,0,0.774887,0.999893
A,10,131,0.1,1,1,0.824879,0,0,0.77187,0.999891
A,10,132,0.2,2,1,0.823322,0,0,0.768979,0.999889
A,10,133,0.2,2,1,0.821924,0,0,0.766305,0.999888
A,10,134,0.2,2,1,0.820636,0,0,0.76377,0.999887
A,10,135,0.2,2,1,0.819509,0,0,0.761494,0.999887
A,10,136,0.2,2,1,0.81839,0,0,0.75918,0.999886
A,10,137,0.2,2,1,0.817303,0,0,0.756872,0.999886
A,10,138,0.2,2,1,0.816216,0,0,0.754504,0.999886
A,10,139,0.2,2,1,0.815122,0,0,0.752049,0.999885
A,10,140,0.2,2,1,0.814032,0,0,0.749521,0.999885
A,10,141,0.2,2,1,0.813036,0,0,0.74713,0.999885
A,10,142,0.2,2,1,0.812102,0,0,0.74481,0.999885
A,10,143,0.2,2,1,0.811285,0,0,0.742716,0.999885
A,10,144,0.2,2,1,0.810551,0,0,0.740789,0.999885
A,10,145,0.2,2,1,0.809888,0,0,0.739011,0.999885
A,10,146,0.2,2,1,0.809332,0,0,0.737505,0.999885
A,10,147,0.2,2,1,0.808828,0,0,0.736141,0.999885
A,10,148,0.2,2,1,0.808386,0,0,0.73496,0.999884
A,10,149,0.2,2,1,0.807997,0,0,0.733947,0.999884
A,10,150,0.2,2,1,0.807601,0,0,0.732954,0.999883
A,10,151,0.2,2,1,0.807198,0,0,0.731982,0.999882
A,10,152,0.2,2,1,0.806777,0,0,0.731009,0.999881
A,10,153,0.2,2,1,0.806337,0,0,0.730036,0.999879
A,10,154,0.2,2,1,0.805859,0,0,0.729023,0.999877
A,10,155,0.2,2,1,0.805343,0,0,0.727969,0.999874
A,10,156,0.2,2,1,0.804808,0,0,0.726913,0.99987
A,10,157,0.2,2,1,0.804279,0,0,0.725904,0.999866
A,10,158,0.2,2,1,0.803755,0,0,0.724944,0.999861
A,10,159,0.2,2,1,0.803227,0,0,0.724014,0.999856
A,10,160,0.2,2,1,0.802681,0.1,1,0.72309,0.99985
A,10,161,0.2,2,1,0.802142,0.1,1,0.722214,0.999844
A,10,162,0.2,2,1,0.801603,0.1,1,0.721374,0.999837
A,10,163,0.2,2,1,0.801074,0.1,1,0.720586,0.999829
A,10,164,0.2,2,1,0.800535,0.1,1,0.719818,0.999821
A,10,165,0.2,2,1,0.8,0.1,1,0.719087,0.999812
A,10,166,0.2,2,1,0.799457,0.1,1,0.718377,0.999801
A,10,167,0.2,2,1,0.798883,0.1,1,0.717656,0.99979
A,10,168,0.2,2,1,0.798279,0.1,1,0.716925,0.999777
A,10,169,0.2,2,1,0.797635,0.1,1,0.71617,0.999762
A,10,170,0.2,2,1,0.796928,0.1,1,0.715366,0.999744
A,10,171,0.2,2,1,0.796088,0.1,1,0.714433,0.999723
A,10,172,0.2,2,1,0.79517,0.1,1,0.713432,0.999698
A,10,173,0.2,2,1,0.794111,0.1,1,0.712293,0.999667
A,10,174,0.2,2,1,0.792952,0.1,1,0.711062,0.999633
A,10,175,0.2,2,1,0.791686,0.1,1,0.709727,0.999595
A,10,176,0.2,2,1,0.790339,0.1,1,0.708318,0.999552
A,10,177,0.2,2,1,0.788898,0.1,1,0.706818,0.999505
A,10,178,0.2,2,1,0.787373,0.1,1,0.705237,0.999453
A,10,179,0.2,2,1,0.785824,0.1,1,0.703637,0.9994
A,10,180,0.2,2,1,0.784326,0.1,1,0.702094,0.999346
A,10,181,0.2,2,1,0.782864,0.1,1,0.700593,0.999292
A,10,182,0.2,2,1,0.78145,0.1,1,0.699148,0.999238
A,10,183,0.2,2,1,0.780226,0.1,1,0.697904,0.999189
A,10,184,0.2,2,1,0.779112,0.1,1,0.696779,0.999143
A,10,185,0.2,2,1,0.778149,0.1,1,0.695816,0.999101
A,10,186,0.2,2,1,0.777337,0.1,1,0.695014,0.999064
A,10,187,0.2,2,1,0.776594,0.1,1,0.694291,0.999028
A,10,188,0.2,2,1,0.7759,0.1,1,0.693626,0.998993
A,10,189,0.2,2,1,0.775215,0.1,1,0.692977,0.998958
A,10,190,0.2,2,1,0.774545,0.1,1,0.692353,0.998922
A,10,191,0.2,2,1,0.773875,0.1,1,0.691736,0.998885
A,10,192,0.2,2,1,0.773177,0.1,1,0.691099,0.998847
A,10,193,0.2,2,1,0.772476,0.1,1,0.690462,0.99881
A,10,194,0.2,2,1,0.771745,0.1,1,0.689801,0.998771
A,10,195,0.2,2,1,0.770923,0.1,1,0.689057,0.998729
A,10,196,0.2,2,1,0.769983,0.1,1,0.688203,0.998683
A,10,197,0.3,3,1,0.768928,0.1,1,0.68724,0.998633
A,10,198,0.3,3,1,0.767666,0.1,1,0.68608,0.998577
A,10,199,0.3,3,1,0.766182,0.1,1,0.684703,0.998514
A,10,200,0.3,3,1,0.764363,0.1,1,0.682999,0.998442
A,10,201,0.3,3,1,0.7623,0.1,1,0.681044,0.998363
A,10,202,0.3,3,1,0.760097,0.1,1,0.678928,0.998284
A,10,203,0.3,3,1,0.757816,0.1,1,0.676707,0.998207
A,10,204,0.3,3,1,0.755451,0.1,1,0.67437,0.998132
A,10,205,0.3,3,1,0.753105,0.1,1,0.672016,0.998063
A,10,206,0.3,3,1,0.75072,0.1,1,0.669583,0.997998
A,10,207,0.3,3,1,0.748414,0.1,1,0.667192,0.997941
A,10,208,0.3,3,1,0.746223,0.1,1,0.664883,0.997892
A,10,209,0.3,3,1,0.744056,0.1,1,0.662559,0.997849
A,10,210,0.3,3,1,0.741863,0.1,1,0.660167,0.997811
A,10,211,0.3,3,1,0.739656,0.1,1,0.657717,0.997778
A,10,212,0.3,3,1,0.73749,0.1,1,0.655268,0.997751
A,10,213,0.3,3,1,0.735339,0.1,1,0.652791,0.997729
A,10,214,0.3,3,1,0.73332,0.1,1,0.650423,0.997712
A,10,215,0.3,3,1,0.731271,0.1,1,0.647976,0.997699
A,10,216,0.3,3,1,0.7293,0.1,1,0.645576,0.99769
A,10,217,0.3,3,1,0.727345,0.1,1,0.64315,0.997684
A,10,218,0.3,3,1,0.72536,0.1,1,0.64064,0.99768
A,10,219,0.3,3,1,0.723476,0.1,1,0.638206,0.997679
A,10,220,0.3,3,1,0.721652,0.1,1,0.635803,0.997678
A,10,221,0.3,3,1,0.719935,0.1,1,0.633496,0.997678
A,10,222,0.3,3,1,0.718417,0.1,1,0.631415,0.997678
A,10,223,0.3,3,1,0.716985,0.1,1,0.62942,0.997677
A,10,224,0.3,3,1,0.715702,0.1,1,0.6276,0.997674
A,10,225,0.3,3,1,0.714573,0.1,1,0.625976,0.997669
A,10,226,0.3,3,1,0.713503,0.1,1,0.624419,0.99766
A,10,227,0.3,3,1,0.712501,0.1,1,0.622943,0.997648
A,10,228,0.3,3,1,0.711566,0.1,1,0.621552,0.99763
A,10,229,0.3,3,1,0.710729,0.1,1,0.620296,0.997608
A,10,230,0.3,3,1,0.710005,0.1,1,0.619206,0.997581
A,10,231,0.3,3,1,0.709363,0.1,1,0.618238,0.997548
A,10,232,0.3,3,1,0.708791,0.1,1,0.617377,0.997508
A,10,233,0.3,3,1,0.708261,0.1,1,0.616588,0.997459
A,10,234,0.3,3,1,0.70776,0.1,1,0.615848,0.997399
A,10,235,0.3,3,1,0.70729,0.1,1,0.615165,0.997329
A,10,236,0.3,3,1,0.706841,0.1,1,0.614524,0.997246
A,10,237,0.3,3,1,0.706401,0.1,1,0.613911,0.997148
A,10,238,0.3,3,1,0.70598,0.1,1,0.613338,0.997036
A,10,239,0.3,3,1,0.705585,0.1,1,0.612817,0.996915
A,10,240,0.3,3,1,0.70518,0.1,1,0.6123,0.996771
A,10,241,0.3,3,1,0.704754,0.1,1,0.611772,0.996602
A,10,242,0.3,3,1,0.704296,0.1,1,0.611222,0.996402
A,10,243,0.3,3,1,0.703814,0.1,1,0.610659,0.996174
A,10,244,0.3,3,1,0.703283,0.1,1,0.610056,0.995907
A,10,245,0.3,3,1,0.702679,0.1,1,0.609384,0.995587
A,10,246,0.3,3,1,0.702022,0.1,1,0.608666,0.995224
A,10,247,0.3,3,1,0.701314,0.1,1,0.607907,0.99482
A,10,248,0.3,3,1,0.700575,0.1,1,0.607124,0.994386
A,10,249,0.3,3,1,0.699798,0.1,1,0.606313,0.993919
A,10,250,0.3,3,1,0.698939,0.1,1,0.605426,0.993393
A,10,251,0.3,3,1,0.697973,0.1,1,0.604438,0.992792
A,10,252,0.3,3,1,0.696923,0.1,1,0.603372,0.992132
A,10,253,0.3,3,1,0.695696,0.1,1,0.602132,0.991355
A,10,254,0.3,3,1,0.694261,0.1,1,0.600689,0.990442
A,10,255,0.3,3,1,0.692517,0.1,1,0.598938,0.989329
A,10,256,0.3,3,1,0.690474,0.1,1,0.596888,0.988026
A,10,257,0.3,3,1,0.688156,0.1,1,0.594561,0.986549
A,10,258,0.3,3,1,0.685468,0.1,1,0.591858,0.984841
A,10,259,0.4,4,1,0.682582,0.1,1,0.588949,0.983016
A,10,260,0.4,4,1,0.679518,0.1,1,0.58585,0.981089
A,10,261,0.4,4,1,0.676332,0.1,1,0.582613,0.9791
A,10,262,0.4,4,1,0.67331,0.1,1,0.579526,0.977229
A,10,263,0.4,4,1,0.670316,0.1,1,0.576449,0.975395
A,10,264,0.4,4,1,0.66725,0.1,1,0.573275,0.973541
A,10,265,0.4,4,1,0.664199,0.1,1,0.570089,0.971723
A,10,266,0.4,4,1,0.661238,0.1,1,0.566967,0.969989
A,10,267,0.4,4,1,0.658417,0.1,1,0.563958,0.968373
A,10,268,0.4,4,1,0.655774,0.1,1,0.561104,0.966897
A,10,269,0.4,4,1,0.653288,0.1,1,0.558379,0.965551
A,10,270,0.4,4,1,0.650925,0.1,1,0.555747,0.964318
A,10,271,0.4,4,1,0.648764,0.1,1,0.553296,0.963242
A,10,272,0.4,4,1,0.646744,0.1,1,0.55096,0.962292
A,10,273,0.4,4,1,0.644844,0.1,1,0.548715,0.961456
A,10,274,0.4,4,1,0.643101,0.1,1,0.546609,0.960751
A,10,275,0.4,4,1,0.641523,0.1,1,0.544655,0.960176
A,10,276,0.4,4,1,0.64019,0.1,1,0.542962,0.959754
A,10,277,0.4,4,1,0.638991,0.1,1,0.541401,0.959441
A,10,278,0.4,4,1,0.637836,0.1,1,0.539863,0.959205
A,10,279,0.4,4,1,0.636708,0.1,1,0.538331,0.959036
A,10,280,0.4,4,1,0.635574,0.1,1,0.536768,0.958921
A,10,281,0.4,4,1,0.634537,0.1,1,0.535325,0.958858
A,10,282,0.4,4,1,0.633477,0.1,1,0.533847,0.95883
A,10,283,0.4,4,1,0.632286,0.1,1,0.53219,0.95882
A,10,284,0.4,4,1,0.630956,0.1,1,0.530347,0.958819
A,10,285,0.4,4,1,0.629383,0.1,1,0.528181,0.958817
A,10,286,0.4,4,1,0.627414,0.1,1,0.525479,0.958802
A,10,287,0.4,4,1,0.625236,0.1,1,0.522492,0.958766
A,10,288,0.4,4,1,0.622833,0.1,1,0.519196,0.958701
A,10,289,0.4,4,1,0.620106,0.1,1,0.515444,0.958594
A,10,290,0.4,4,1,0.617266,0.1,1,0.511517,0.958446
A,10,291,0.4,4,1,0.614307,0.1,1,0.5074,0.958252
A,10,292,0.4,4,1,0.61126,0.1,1,0.503129,0.958009
A,10,293,0.4,4,1,0.608089,0.1,1,0.498645,0.957709
A,10,294,0.4,4,1,0.60483,0.1,1,0.493987,0.957348
A,10,295,0.4,4,1,0.601413,0.1,1,0.48904,0.956917
A,10,296,0.4,4,1,0.597942,0.1,1,0.483935,0.956424
A,10,297,0.4,4,1,0.594686,0.1,1,0.479068,0.955904
A,10,298,0.4,4,1,0.591754,0.1,1,0.474619,0.955376
A,10,299,0.4,4,1,0.589037,0.1,1,0.470439,0.954823
A,10,300,0.4,4,1,0.586455,0.1,1,0.466412,0.954229
A,10,301,0.4,4,1,0.584027,0.1,1,0.462576,0.953601
A,10,302,0.4,4,1,0.581881,0.1,1,0.459148,0.952976
A,10,303,0.4,4,1,0.579874,0.1,1,0.455912,0.952314
A,10,304,0.4,4,1,0.578068,0.1,1,0.452979,0.95164
A,10,305,0.4,4,1,0.576306,0.1,1,0.450104,0.950899
A,10,306,0.4,4,1,0.574586,0.1,1,0.447284,0.950089
A,10,307,0.4,4,1,0.572936,0.1,1,0.444569,0.949228
A,10,308,0.4,4,1,0.571368,0.1,1,0.441985,0.948323
A,10,309,0.4,4,1,0.56993,0.1,1,0.439618,0.947409
A,10,310,0.4,4,1,0.568644,0.1,1,0.437517,0.946511
A,10,311,0.4,4,1,0.567445,0.1,1,0.435585,0.945595
A,10,312,0.4,4,1,0.566293,0.1,1,0.433762,0.94464
A,10,313,0.4,4,1,0.565152,0.1,1,0.432001,0.943626
A,10,314,0.4,4,1,0.563936,0.1,1,0.430172,0.942485
A,10,315,0.4,4,1,0.562741,0.1,1,0.428423,0.941316
A,10,316,0.4,4,1,0.561438,0.1,1,0.426573,0.940002
A,10,317,0.4,4,1,0.560124,0.1,1,0.424757,0.938651
A,10,318,0.4,4,1,0.558672,0.1,1,0.422807,0.937143
A,10,319,0.4,4,1,0.557133,0.1,1,0.420791,0.935541
A,10,320,0.4,4,1,0.55547,0.1,1,0.418662,0.933819
A,10,321,0.4,4,1,0.55371,0.1,1,0.416451,0.932011
A,10,322,0.4,4,1,0.551891,0.1,1,0.414208,0.930169
A,10,323,0.4,4,1,0.549973,0.1,1,0.411881,0.928259
A,10,324,0.4,4,1,0.547971,0.1,1,0.409486,0.926303
A,10,325,0.4,4,1,0.545915,0.1,1,0.40706,0.924341
A,10,326,0.4,4,1,0.543651,0.1,1,0.404417,0.922231
A,10,327,0.4,4,1,0.54131,0.1,1,0.401707,0.920103
A,10,328,0.4,4,1,0.53874,0.1,1,0.398751,0.917829
A,10,329,0.5,5,1,0.535955,0.1,1,0.395554,0.915427
A,10,330,0.5,5,1,0.532987,0.1,1,0.392144,0.912932
A,10,331,0.5,5,1,0.529854,0.1,1,0.38853,0.910364
A,10,332,0.5,5,1,0.526792,0.1,1,0.384977,0.907918
A,10,333,0.5,5,1,0.523739,0.1,1,0.381406,0.905542
A,10,334,0.5,5,1,0.520855,0.1,1,0.378005,0.903357
A,10,335,0.5,5,1,0.518096,0.1,1,0.374726,0.901328
A,10,336,0.5,5,1,0.515581,0.1,1,0.371712,0.899534
A,10,337,0.5,5,1,0.513219,0.2,2,0.368862,0.897905
A,10,338,0.5,5,1,0.510943,0.2,2,0.3661,0.896393
A,10,339,0.5,5,1,0.508639,0.2,2,0.363282,0.894917
A,10,340,0.5,5,1,0.506391,0.2,2,0.360508,0.89353
A,10,341,0.5,5,1,0.504084,0.2,2,0.357631,0.892162
A,10,342,0.5,5,1,0.501831,0.2,2,0.354785,0.890875
A,10,343,0.5,5,1,0.499541,0.2,2,0.351847,0.889616
A,10,344,0.5,5,1,0.497453,0.2,2,0.349121,0.888512
A,10,345,0.5,5,1,0.49551,0.2,2,0.346544,0.887528
A,10,346,0.5,5,1,0.493718,0.2,2,0.344128,0.886661
A,10,347,0.5,5,1,0.492084,0.2,2,0.341889,0.885908
A,10,348,0.5,5,1,0.490573,0.2,2,0.339787,0.885248
A,10,349,0.5,5,1,0.48913,0.2,2,0.337748,0.884653
A,10,350,0.5,5,1,0.487778,0.2,2,0.335808,0.884129
A,10,351,0.5,5,1,0.486487,0.2,2,0.333927,0.883661
A,10,352,0.5,5,1,0.48529,0.2,2,0.332155,0.883258
A,10,353,0.5,5,1,0.484203,0.2,2,0.330523,0.882919
A,10,354,0.5,5,1,0.483236,0.3,3,0.329053,0.882645
A,10,355,0.5,5,1,0.482339,0.3,3,0.327677,0.882417
A,10,356,0.5,5,1,0.481513,0.3,3,0.3264,0.882231
A,10,357,0.5,5,1,0.48079,0.3,3,0.325278,0.882089
A,10,358,0.5,5,1,0.480105,0.3,3,0.324216,0.881977
A,10,359,0.5,5,1,0.479439,0.3,3,0.323187,0.881887
A,10,360,0.5,5,1,0.478782,0.3,3,0.322175,0.881816
A,10,361,0.5,5,1,0.478111,0.3,3,0.321148,0.88176
A,10,362,0.5,5,1,0.477438,0.3,3,0.320124,0.881717
A,10,363,0.5,5,1,0.476792,0.3,3,0.319148,0.881688
A,10,364,0.5,5,1,0.476173,0.3,3,0.318224,0.88167
A,10,365,0.5,5,1,0.47558,0.3,3,0.317353,0.881661
A,10,366,0.5,5,1,0.475029,0.3,3,0.31656,0.881657
A,10,367,0.5,5,1,0.474517,0.3,3,0.315845,0.881657
A,10,368,0.5,5,1,0.474034,0.3,3,0.315195,0.881656
A,10,369,0.5,5,1,0.473592,0.3,3,0.314626,0.881654
A,10,370,0.5,5,1,0.473168,0.3,3,0.314111,0.881645
A,10,371,0.5,5,1,0.47276,0.3,3,0.313646,0.881629
A,10,372,0.5,5,1,0.472335,0.3,3,0.313196,0.881599
A,10,373,0.5,5,1,0.47189,0.3,3,0.312756,0.881553
A,10,374,0.5,5,1,0.471394,0.3,3,0.312298,0.881483
A,10,375,0.5,5,1,0.470857,0.3,3,0.311831,0.881387
A,10,376,0.5,5,1,0.470234,0.3,3,0.31132,0.881253
A,10,377,0.5,5,1,0.469546,0.3,3,0.31078,0.881081
A,10,378,0.5,5,1,0.468753,0.3,3,0.310181,0.880859
A,10,379,0.5,5,1,0.467827,0.4,4,0.309504,0.880574
A,10,380,0.5,5,1,0.466793,0.4,4,0.308765,0.88023
A,10,381,0.5,5,1,0.465556,0.4,4,0.3079,0.879793
A,10,382,0.5,5,1,0.464085,0.4,4,0.306884,0.879246
A,10,383,0.5,5,1,0.462312,0.4,4,0.305673,0.878561
A,10,384,0.6,6,1,0.460265,0.4,4,0.304283,0.877747
A,10,385,0.6,6,1,0.458003,0.4,4,0.302752,0.876824
A,10,386,0.6,6,0.999999,0.455574,0.4,4,0.301112,0.875811
A,10,387,0.6,6,0.999999,0.452875,0.4,4,0.29929,0.874665
A,10,388,0.6,6,0.999999,0.450019,0.5,5,0.297358,0.873433
A,10,389,0.6,6,0.999999,0.447011,0.5,5,0.295319,0.872117
A,10,390,0.6,6,0.999999,0.443907,0.5,5,0.293206,0.870743
A,10,391,0.6,6,0.999999,0.440691,0.5,5,0.291006,0.869304
A,10,392,0.6,6,0.999999,0.437387,0.5,5,0.288731,0.86781
A,10,393,0.6,6,0.999999,0.434085,0.5,5,0.28644,0.866304
A,10,394,0.6,6,0.999999,0.430941,0.5,5,0.284244,0.864856
A,10,395,0.6,6,0.999999,0.427727,0.5,5,0.281979,0.863363
A,10,396,0.6,6,0.999998,0.424609,0.5,5,0.279762,0.861902
A,10,397,0.6,6,0.999998,0.421571,0.5,5,0.277581,0.860466
A,10,398,0.6,6,0.999998,0.418634,0.5,5,0.275451,0.859066
A,10,399,0.6,6,0.999998,0.4158,0.5,5,0.273374,0.857704
A,10,400,0.6,6,0.999997,0.412849,0.5,5,0.271188,0.856274
A,50,1,0,0,1,0.996742,0,0,0.996731,1
A,50,2,0,0,1,0.99652,0,0,0.996507,1
A,50,3,0,0,1,0.995927,0,0,0.995909,1
A,50,4,0,0,1,0.995123,0,0,0.995096,0.999999
A,50,5,0,0,1,0.994485,0,0,0.994449,0.999999
A,50,6,0,0,1,0.994004,0,0,0.99396,0.999999
A,50,7,0,0,1,0.993524,0,0,0.99347,0.999999
A,50,8,0,0,1,0.992968,0,0,0.992901,0.999999
A,50,9,0,0,1,0.992346,0,0,0.992263,0.999999
A,50,10,0,0,1,0.991722,0,0,0.991619,0.999999
A,50,11,0,0,1,0.991191,0,0,0.991071,0.999999
A,50,12,0,0,1,0.990761,0,0,0.990624,0.999999
A,50,13,0,0,1,0.990359,0,0,0.990207,0.999999
A,50,14,0,0,1,0.989974,0,0,0.989806,0.999999
A,50,15,0,0,1,0.989557,0,0,0.989372,0.999999
A,50,16,0,0,1,0.989134,0,0,0.988931,0.999999
A,50,17,0,0,1,0.988712,0,0,0.988491,0.999999
A,50,18,0,0,1,0.988288,0,0,0.988049,0.999999
A,50,19,0,0,1,0.987893,0,0,0.987636,0.999999
A,50,20,0,0,1,0.987529,0,0,0.987257,0.999999
A,50,21,0,0,1,0.987187,0,0,0.9869,0.999999
A,50,22,0,0,1,0.986822,0,0,0.98652,0.999999
A,50,23,0,0,1,0.986418,0,0,0.9861,0.999999
A,50,24,0,0,1,0.985966,0,0,0.985629,0.999999
A,50,25,0,0,1,0.985477,0,0,0.985119,0.999999
A,50,26,0,0,1,0.984976,0,0,0.984594,0.999999
A,50,27,0,0,1,0.984457,0,0,0.98405,0.999999
A,50,28,0,0,1,0.983903,0,0,0.983468,0.999999
A,50,29,0,0,1,0.983318,0,0,0.982853,0.999999
A,50,30,0,0,1,0.982699,0,0,0.982199,0.999999
A,50,31,0,0,1,0.982071,0,0,0.981533,0.999999
A,50,32,0,0,1,0.981468,0,0,0.980893,0.999998
A,50,33,0,0,1,0.980911,0,0,0.980299,0.999998
A,50,34,0,0,1,0.980416,0,0,0.979769,0.999998
A,50,35,0,0,1,0.97993,0,0,0.979248,0.999998
A,50,36,0,0,1,0.979457,0,0,0.97874,0.999998
A,50,37,0,0,1,0.979005,0,0,0.978255,0.999998
A,50,38,0.02,1,1,0.978558,0,0,0.977776,0.999998
A,50,39,0.02,1,1,0.978094,0,0,0.97728,0.999998
A,50,40,0.02,1,1,0.977649,0,0,0.976804,0.999998
A,50,41,0.02,1,1,0.977216,0,0,0.976342,0.999998
A,50,42,0.02,1,1,0.9768,0,0,0.975901,0.999998
A,50,43,0.02,1,1,0.976379,0,0,0.975454,0.999998
A,50,44,0.02,1,1,0.975966,0,0,0.975017,0.999998
A,50,45,0.02,1,1,0.975539,0,0,0.974566,0.999998
A,50,46,0.02,1,1,0.975094,0,0,0.974097,0.999998
A,50,47,0.02,1,1,0.974592,0,0,0.973569,0.999998
A,50,48,0.02,1,1,0.974043,0,0,0.972991,0.999997
A,50,49,0.02,1,1,0.973464,0,0,0.97238,0.999997
A,50,50,0.02,1,1,0.972883,0,0,0.971766,0.999997
A,50,51,0.02,1,1,0.972307,0,0,0.971155,0.999997
A,50,52,0.02,1,1,0.97174,0,0,0.970553,0.999997
A,50,53,0.02,1,1,0.971157,0,0,0.969931,0.999997
A,50,54,0.02,1,1,0.970568,0,0,0.9693,0.999997
A,50,55,0.02,1,1,0.969981,0,0,0.968668,0.999997
A,50,56,0.02,1,1,0.969442,0,0,0.968084,0.999997
A,50,57,0.02,1,1,0.968912,0,0,0.967506,0.999997
A,50,58,0.02,1,1,0.968417,0,0,0.966963,0.999997
A,50,59,0.02,1,1,0.967968,0,0,0.966467,0.999997
A,50,60,0.02,1,1,0.967568,0,0,0.966022,0.999997
A,50,61,0.02,1,1,0.967181,0,0,0.96559,0.999997
A,50,62,0.04,2,1,0.966788,0,0,0.965149,0.999997
A,50,63,0.04,2,1,0.966365,0,0,0.964673,0.999997
A,50,64,0.04,2,1,0.965863,0,0,0.964107,0.999997
A,50,65,0.04,2,1,0.965292,0,0,0.963459,0.999997
A,50,66,0.04,2,1,0.964637,0,0,0.96271,0.999997
A,50,67,0.04,2,1,0.963922,0,0,0.961887,0.999997
A,50,68,0.04,2,1,0.96323,0,0,0.961081,0.999997
A,50,69,0.04,2,1,0.962559,0,0,0.960289,0.999997
A,50,70,0.04,2,1,0.961938,0,0,0.959546,0.999997
A,50,71,0.04,2,1,0.961332,0,0,0.958809,0.999997
A,50,72,0.04,2,1,0.960779,0,0,0.958124,0.999997
A,50,73,0.04,2,1,0.960249,0,0,0.957456,0.999997
A,50,74,0.04,2,1,0.959733,0,0,0.956794,0.999997
A,50,75,0.04,2,1,0.959215,0,0,0.956115,0.999997
A,50,76,0.04,2,1,0.958685,0,0,0.955407,0.999997
A,50,77,0.04,2,1,0.958152,0,0,0.954684,0.999997
A,50,78,0.04,2,1,0.957612,0,0,0.953936,0.999997
A,50,79,0.04,2,1,0.95708,0,0,0.953189,0.999997
A,50,80,0.04,2,1,0.956553,0,0,0.952438,0.999997
A,50,81,0.04,2,1,0.956038,0,0,0.951699,0.999997
A,50,82,0.04,2,1,0.955528,0,0,0.950964,0.999996
A,50,83,0.04,2,1,0.955012,0,0,0.950219,0.999996
A,50,84,0.06,3,1,0.954505,0,0,0.949488,0.999996
A,50,85,0.06,3,1,0.953982,0,0,0.948741,0.999996
A,50,86,0.06,3,1,0.953435,0,0,0.947966,0.999996
A,50,87,0.06,3,1,0.952821,0,0,0.947104,0.999996
A,50,88,0.06,3,1,0.952133,0,0,0.946141,0.999996
A,50,89,0.06,3,1,0.951419,0,0,0.945142,0.999996
A,50,90,0.06,3,1,0.950678,0,0,0.944101,0.999996
A,50,91,0.06,3,1,0.94997,0,0,0.943101,0.999996
A,50,92,0.06,3,1,0.949334,0,0,0.942197,0.999996
A,50,93,0.06,3,1,0.948793,0,0,0.941427,0.999996
A,50,94,0.06,3,1,0.948313,0,0,0.940741,0.999996
A,50,95,0.06,3,1,0.947889,0,0,0.940135,0.999996
A,50,96,0.06,3,1,0.947499,0,0,0.939582,0.999996
A,50,97,0.06,3,1,0.94715,0,0,0.939088,0.999996
A,50,98,0.06,3,1,0.946838,0,0,0.938655,0.999996
A,50,99,0.06,3,1,0.946541,0,0,0.938249,0.999996
A,50,100,0.06,3,1,0.946242,0,0,0.937849,0.999996
A,50,101,0.06,3,1,0.945924,0,0,0.937434,0.999996
A,50,102,0.06,3,1,0.945556,0,0,0.936963,0.999996
A,50,103,0.06,3,1,0.945093,0,0,0.936378,0.999996
A,50,104,0.06,3,1,0.944508,0,0,0.935645,0.999996
A,50,105,0.08,4,1,0.943817,0,0,0.934778,0.999996
A,50,106,0.08,4,1,0.943053,0,0,0.933816,0.999996
A,50,107,0.08,4,1,0.942272,0,0,0.932827,0.999995
A,50,108,0.08,4,1,0.941502,0,0,0.931842,0.999995
A,50,109,0.08,4,1,0.94075,0,0,0.930868,0.999995
A,50,110,0.08,4,1,0.940017,0,0,0.929905,0.999995
A,50,111,0.08,4,1,0.939348,0,0,0.929015,0.999995
A,50,112,0.08,4,1,0.938737,0,0,0.928188,0.999994
A,50,113,0.08,4,1,0.938211,0,0,0.927465,0.999994
A,50,114,0.08,4,1,0.937749,0,0,0.926824,0.999994
A,50,115,0.08,4,1,0.937336,0,0,0.926246,0.999994
A,50,116,0.08,4,1,0.936932,0,0,0.925682,0.999994
A,50,117,0.08,4,1,0.936513,0,0,0.925101,0.999994
A,50,118,0.08,4,1,0.936024,0,0,0.924432,0.999994
A,50,119,0.08,4,1,0.935481,0,0,0.923694,0.999993
A,50,120,0.08,4,1,0.934902,0,0,0.922912,0.999993
A,50,121,0.08,4,1,0.934341,0,0,0.922158,0.999993
A,50,122,0.08,4,1,0.933767,0,0,0.921387,0.999993
A,50,123,0.08,4,1,0.933155,0,0,0.920564,0.999993
A,50,124,0.08,4,1,0.932492,0,0,0.919667,0.999993
A,50,125,0.08,4,1,0.931756,0,0,0.918658,0.999993
A,50,126,0.08,4,1,0.93101,0,0,0.917614,0.999993
A,50,127,0.1,5,1,0.930289,0,0,0.916583,0.999993
A,50,128,0.1,5,1,0.929602,0,0,0.915574,0.999993
A,50,129,0.1,5,1,0.928955,0,0,0.914595,0.999993
A,50,130,0.1,5,1,0.928343,0,0,0.913639,0.999993
A,50,131,0.1,5,1,0.927786,0,0,0.912742,0.999993
A,50,132,0.1,5,1,0.927264,0,0,0.911877,0.999993
A,50,133,0.1,5,1,0.926781,0,0,0.911062,0.999993
A,50,134,0.1,5,1,0.926312,0,0,0.910263,0.999993
A,50,135,0.1,5,1,0.925866,0,0,0.909505,0.999993
A,50,136,0.1,5,1,0.925373,0,0,0.908679,0.999993
A,50,137,0.1,5,1,0.924835,0,0,0.907792,0.999993
A,50,138,0.1,5,1,0.924231,0,0,0.90681,0.999993
A,50,139,0.1,5,1,0.923554,0,0,0.905721,0.999993
A,50,140,0.1,5,1,0.922817,0,0,0.904539,0.999993
A,50,141,0.1,5,1,0.92209,0,0,0.903372,0.999992
A,50,142,0.1,5,1,0.921364,0,0,0.902199,0.999992
A,50,143,0.1,5,1,0.920695,0,0,0.901112,0.999992
A,50,144,0.1,5,1,0.92007,0,0,0.900088,0.999992
A,50,145,0.1,5,1,0.91949,0,0,0.899126,0.999992
A,50,146,0.1,5,1,0.918995,0,0,0.8983,0.999992
A,50,147,0.12,6,1,0.91854,0,0,0.897538,0.999991
A,50,148,0.12,6,1,0.918137,0,0,0.896864,0.999991
A,50,149,0.12,6,1,0.917775,0,0,0.896267,0.999991
A,50,150,0.12,6,1,0.917397,0,0,0.895655,0.999991
A,50,151,0.12,6,1,0.916995,0,0,0.895024,0.99999
A,50,152,0.12,6,1,0.916556,0,0,0.894353,0.99999
A,50,153,0.12,6,1,0.916074,0,0,0.893641,0.99999
A,50,154,0.12,6,1,0.915525,0,0,0.892854,0.999989
A,50,155,0.12,6,1,0.914911,0,0,0.891994,0.999989
A,50,156,0.12,6,1,0.914255,0,0,0.891096,0.999988
A,50,157,0.12,6,1,0.913595,0,0,0.890209,0.999988
A,50,158,0.12,6,1,0.91294,0,0,0.889345,0.999987
A,50,159,0.12,6,1,0.912285,0,0,0.888496,0.999987
A,50,160,0.12,6,1,0.911622,0.02,1,0.88765,0.999986
A,50,161,0.12,6,1,0.910992,0.02,1,0.886856,0.999986
A,50,162,0.12,6,1,0.910395,0.02,1,0.886114,0.999985
A,50,163,0.12,6,1,0.909848,0.02,1,0.885442,0.999985
A,50,164,0.12,6,1,0.909337,0.02,1,0.884821,0.999985
A,50,165,0.12,6,1,0.908877,0.02,1,0.884265,0.999984
A,50,166,0.12,6,1,0.908458,0.02,1,0.883763,0.999984
A,50,167,0.12,6,1,0.908063,0.02,1,0.883292,0.999983
A,50,168,0.14,7,1,0.90769,0.02,1,0.882849,0.999983
A,50,169,0.14,7,1,0.907331,0.02,1,0.88242,0.999982
A,50,170,0.14,7,1,0.906967,0.02,1,0.881984,0.999982
A,50,171,0.14,7,1,0.90656,0.02,1,0.881491,0.999981
A,50,172,0.14,7,1,0.906129,0.02,1,0.880964,0.999981
A,50,173,0.14,7,1,0.905639,0.02,1,0.880359,0.99998
A,50,174,0.14,7,1,0.905105,0.02,1,0.87969,0.99998
A,50,175,0.14,7,1,0.904516,0.02,1,0.878944,0.999979
A,50,176,0.14,7,1,0.903882,0.02,1,0.87813,0.999979
A,50,177,0.14,7,1,0.90319,0.02,1,0.877233,0.999978
A,50,178,0.14,7,1,0.902444,0.02,1,0.876254,0.999978
A,50,179,0.14,7,1,0.901673,0.02,1,0.875231,0.999977
A,50,180,0.14,7,1,0.900915,0.02,1,0.874214,0.999977
A,50,181,0.14,7,1,0.900164,0.02,1,0.873198,0.999976
A,50,182,0.14,7,1,0.89943,0.02,1,0.872196,0.999976
A,50,183,0.14,7,1,0.89879,0.02,1,0.871316,0.999976
A,50,184,0.14,7,1,0.898204,0.02,1,0.870509,0.999976
A,50,185,0.14,7,1,0.897698,0.02,1,0.869812,0.999976
A,50,186,0.14,7,1,0.897273,0.02,1,0.86923,0.999976
A,50,187,0.14,7,1,0.896886,0.02,1,0.868705,0.999976
A,50,188,0.14,7,1,0.896528,0.02,1,0.868227,0.999976
A,50,189,0.14,7,1,0.896176,0.02,1,0.867767,0.999976
A,50,190,0.14,7,1,0.895837,0.02,1,0.867334,0.999976
A,50,191,0.14,7,1,0.895501,0.02,1,0.866917,0.999976
A,50,192,0.16,8,1,0.895157,0.02,1,0.8665,0.999976
A,50,193,0.16,8,1,0.894818,0.02,1,0.866098,0.999975
A,50,194,0.16,8,1,0.894471,0.02,1,0.865696,0.999975
A,50,195,0.16,8,1,0.89409,0.02,1,0.865262,0.999975
A,50,196,0.16,8,1,0.893664,0.02,1,0.864782,0.999975
A,50,197,0.16,8,1,0.8932,0.02,1,0.864263,0.999975
A,50,198,0.16,8,1,0.892662,0.02,1,0.863662,0.999974
A,50,199,0.16,8,1,0.892052,0.02,1,0.862979,0.999974
A,50,200,0.16,8,1,0.891333,0.02,1,0.862171,0.999973
A,50,201,0.16,8,1,0.890551,0.02,1,0.861284,0.999972
A,50,202,0.16,8,1,0.889755,0.02,1,0.860373,0.999971
A,50,203,0.16,8,1,0.888976,0.02,1,0.859471,0.99997
A,50,204,0.16,8,1,0.888216,0.02,1,0.858577,0.999969
A,50,205,0.16,8,1,0.887508,0.02,1,0.857733,0.999968
A,50,206,0.16,8,1,0.886833,0.02,1,0.856914,0.999967
A,50,207,0.16,8,1,0.886219,0.02,1,0.856157,0.999967
A,50,208,0.16,8,1,0.885669,0.02,1,0.855467,0.999966
A,50,209,0.16,8,1,0.88515,0.02,1,0.854803,0.999965
A,50,210,0.16,8,1,0.884637,0.02,1,0.854139,0.999965
A,50,211,0.16,8,1,0.884125,0.02,1,0.853467,0.999964
A,50,212,0.18,9,1,0.883616,0.02,1,0.852791,0.999964
A,50,213,0.18,9,1,0.883092,0.02,1,0.852092,0.999964
A,50,214,0.18,9,1,0.882577,0.02,1,0.8514,0.999963
A,50,215,0.18,9,1,0.882022,0.02,1,0.85065,0.999963
A,50,216,0.18,9,1,0.881449,0.02,1,0.849874,0.999963
A,50,217,0.18,9,1,0.880838,0.02,1,0.849041,0.999963
A,50,218,0.18,9,1,0.880174,0.02,1,0.84813,0.999963
A,50,219,0.18,9,1,0.8795,0.02,1,0.847197,0.999963
A,50,220,0.18,9,1,0.878807,0.02,1,0.846227,0.999963
A,50,221,0.18,9,1,0.878116,0.02,1,0.84525,0.999963
A,50,222,0.18,9,1,0.877471,0.02,1,0.844324,0.999963
A,50,223,0.18,9,1,0.87683,0.02,1,0.843391,0.999963
A,50,224,0.18,9,1,0.876223,0.02,1,0.842496,0.999963
A,50,225,0.18,9,1,0.875659,0.02,1,0.841654,0.999963
A,50,226,0.18,9,1,0.875094,0.02,1,0.840799,0.999962
A,50,227,0.18,9,1,0.874532,0.02,1,0.83994,0.999962
A,50,228,0.18,9,1,0.873976,0.02,1,0.839083,0.999962
A,50,229,0.18,9,1,0.873445,0.02,1,0.83826,0.999961
A,50,230,0.18,9,1,0.872952,0.02,1,0.837496,0.999961
A,50,231,0.18,9,1,0.87248,0.02,1,0.836766,0.99996
A,50,232,0.18,9,1,0.872021,0.02,1,0.836064,0.999959
A,50,233,0.2,10,1,0.871557,0.02,1,0.835363,0.999958
A,50,234,0.2,10,1,0.871077,0.02,1,0.834651,0.999957
A,50,235,0.2,10,1,0.87059,0.02,1,0.833942,0.999956
A,50,236,0.2,10,1,0.87009,0.02,1,0.833227,0.999955
A,50,237,0.2,10,1,0.86957,0.02,1,0.832501,0.999954
A,50,238,0.2,10,1,0.869052,0.02,1,0.831789,0.999952
A,50,239,0.2,10,1,0.868555,0.02,1,0.83112,0.999951
A,50,240,0.2,10,1,0.868043,0.02,1,0.830443,0.999949
A,50,241,0.2,10,1,0.867511,0.02,1,0.829753,0.999947
A,50,242,0.2,10,1,0.86696,0.02,1,0.829048,0.999945
A,50,243,0.2,10,1,0.86641,0.02,1,0.828354,0.999942
A,50,244,0.2,10,1,0.865846,0.02,1,0.827652,0.99994
A,50,245,0.2,10,1,0.865256,0.02,1,0.826923,0.999937
A,50,246,0.2,10,1,0.864673,0.02,1,0.826209,0.999934
A,50,247,0.2,10,1,0.864111,0.02,1,0.825526,0.99993
A,50,248,0.2,10,1,0.863592,0.02,1,0.824899,0.999927
A,50,249,0.2,10,1,0.863118,0.02,1,0.824329,0.999924
A,50,250,0.2,10,1,0.862664,0.02,1,0.823789,0.99992
A,50,251,0.2,10,1,0.862221,0.02,1,0.823264,0.999917
A,50,252,0.2,10,1,0.861798,0.02,1,0.822767,0.999913
A,50,253,0.2,10,1,0.861361,0.02,1,0.822254,0.999909
A,50,254,0.2,10,1,0.8609,0.02,1,0.821715,0.999905
A,50,255,0.2,10,1,0.860381,0.02,1,0.821108,0.9999
A,50,256,0.2,10,1,0.859812,0.02,1,0.820438,0.999895
A,50,257,0.22,11,1,0.8592,0.02,1,0.819714,0.999889
A,50,258,0.22,11,1,0.858521,0.02,1,0.818903,0.999883
A,50,259,0.22,11,1,0.85782,0.02,1,0.818055,0.999879
A,50,260,0.22,11,1,0.857101,0.02,1,0.817172,0.999879
A,50,261,0.22,11,1,0.856374,0.02,1,0.816267,0.999879
A,50,262,0.22,11,1,0.855701,0.02,1,0.815414,0.999878
A,50,263,0.22,11,1,0.855046,0.02,1,0.814567,0.999878
A,50,264,0.22,11,1,0.85438,0.02,1,0.813691,0.999878
A,50,265,0.22,11,1,0.853716,0.02,1,0.812802,0.999878
A,50,266,0.22,11,1,0.853062,0.02,1,0.811914,0.999877
A,50,267,0.22,11,1,0.852424,0.02,1,0.811036,0.999877
A,50,268,0.22,11,1,0.851804,0.02,1,0.810174,0.999877
A,50,269,0.22,11,1,0.851191,0.02,1,0.809319,0.999877
A,50,270,0.22,11,1,0.850575,0.02,1,0.808456,0.999876
A,50,271,0.22,11,1,0.849974,0.02,1,0.807614,0.999876
A,50,272,0.22,11,1,0.849372,0.02,1,0.806772,0.999876
A,50,273,0.22,11,1,0.848765,0.02,1,0.805928,0.999876
A,50,274,0.22,11,1,0.84817,0.02,1,0.805105,0.999876
A,50,275,0.22,11,1,0.847596,0.02,1,0.804315,0.999876
A,50,276,0.22,11,1,0.847083,0.02,1,0.803612,0.999876
A,50,277,0.22,11,1,0.846597,0.02,1,0.802951,0.999876
A,50,278,0.22,11,1,0.846111,0.02,1,0.802294,0.999876
A,50,279,0.22,11,1,0.845627,0.02,1,0.801642,0.999876
A,50,280,0.22,11,1,0.845141,0.02,1,0.800987,0.999876
A,50,281,0.24,12,1,0.844707,0.02,1,0.800399,0.999876
A,50,282,0.24,12,1,0.84428,0.02,1,0.79982,0.999876
A,50,283,0.24,12,1,0.843826,0.02,1,0.799199,0.999876
A,50,284,0.24,12,1,0.843349,0.02,1,0.798539,0.999876
A,50,285,0.24,12,1,0.84282,0.02,1,0.797798,0.999875
A,50,286,0.24,12,1,0.842197,0.02,1,0.796912,0.999875
A,50,287,0.24,12,1,0.841548,0.02,1,0.795972,0.999875
A,50,288,0.24,12,1,0.840875,0.02,1,0.794977,0.999875
A,50,289,0.24,12,1,0.840155,0.02,1,0.793888,0.999874
A,50,290,0.24,12,1,0.839445,0.02,1,0.792787,0.999874
A,50,291,0.24,12,1,0.838744,0.02,1,0.791671,0.999874
A,50,292,0.24,12,1,0.838054,0.02,1,0.790545,0.999873
A,50,293,0.24,12,1,0.837362,0.02,1,0.789389,0.999873
A,50,294,0.24,12,1,0.836671,0.02,1,0.788207,0.999873
A,50,295,0.24,12,1,0.835958,0.02,1,0.786962,0.999872
A,50,296,0.24,12,1,0.835239,0.02,1,0.785682,0.999872
A,50,297,0.24,12,1,0.834561,0.02,1,0.784458,0.999872
A,50,298,0.24,12,1,0.833941,0.02,1,0.783329,0.999872
A,50,299,0.24,12,1,0.833347,0.02,1,0.782247,0.999871
A,50,300,0.24,12,1,0.832755,0.02,1,0.781177,0.999871
A,50,301,0.26,13,1,0.832167,0.02,1,0.780124,0.999871
A,50,302,0.26,13,1,0.831611,0.02,1,0.779144,0.999871
A,50,303,0.26,13,1,0.831049,0.02,1,0.778173,0.999871
A,50,304,0.26,13,1,0.8305,0.02,1,0.777246,0.999871
A,50,305,0.26,13,1,0.829919,0.02,1,0.776286,0.999871
A,50,306,0.26,13,1,0.829306,0.02,1,0.775294,0.999871
A,50,307,0.26,13,1,0.828679,0.02,1,0.774294,0.999871
A,50,308,0.26,13,1,0.828049,0.02,1,0.773302,0.999871
A,50,309,0.26,13,1,0.827444,0.02,1,0.772362,0.999871
A,50,310,0.26,13,1,0.826884,0.02,1,0.771501,0.999871
A,50,311,0.26,13,1,0.826349,0.02,1,0.770689,0.999871
A,50,312,0.26,13,1,0.825827,0.02,1,0.769907,0.99987
A,50,313,0.26,13,1,0.825309,0.02,1,0.769142,0.99987
A,50,314,0.26,13,1,0.824761,0.02,1,0.768343,0.99987
A,50,315,0.26,13,1,0.824232,0.02,1,0.767581,0.999869
A,50,316,0.26,13,1,0.823669,0.02,1,0.766781,0.999869
A,50,317,0.26,13,1,0.823119,0.02,1,0.766008,0.999868
A,50,318,0.26,13,1,0.822534,0.02,1,0.765195,0.999868
A,50,319,0.26,13,1,0.821938,0.02,1,0.764374,0.999867
A,50,320,0.28,14,1,0.821321,0.02,1,0.763532,0.999866
A,50,321,0.28,14,1,0.820697,0.02,1,0.762682,0.999865
A,50,322,0.28,14,1,0.820083,0.02,1,0.761849,0.999865
A,50,323,0.28,14,1,0.819465,0.02,1,0.761012,0.999864
A,50,324,0.28,14,1,0.818851,0.02,1,0.760178,0.999863
A,50,325,0.28,14,1,0.81825,0.02,1,0.759359,0.999863
A,50,326,0.28,14,1,0.817618,0.02,1,0.758493,0.999862
A,50,327,0.28,14,1,0.816992,0.02,1,0.757627,0.999862
A,50,328,0.28,14,1,0.81633,0.02,1,0.756703,0.999861
A,50,329,0.28,14,1,0.815637,0.02,1,0.755722,0.999861
A,50,330,0.28,14,1,0.814921,0.02,1,0.754694,0.999861
A,50,331,0.28,14,1,0.814186,0.02,1,0.753621,0.99986
A,50,332,0.28,14,1,0.813485,0.02,1,0.752579,0.99986
A,50,333,0.28,14,1,0.812801,0.02,1,0.751543,0.99986
A,50,334,0.28,14,1,0.812164,0.02,1,0.750563,0.99986
A,50,335,0.28,14,1,0.81156,0.02,1,0.74962,0.99986
A,50,336,0.28,14,1,0.811006,0.02,1,0.748747,0.99986
A,50,337,0.28,14,1,0.810475,0.04,2,0.747908,0.99986
A,50,338,0.28,14,1,0.809943,0.04,2,0.74707,0.99986
A,50,339,0.28,14,1,0.809376,0.04,2,0.746184,0.99986
A,50,340,0.28,14,1,0.808788,0.04,2,0.745275,0.99986
A,50,341,0.28,14,1,0.808144,0.04,2,0.74429,0.999859
A,50,342,0.28,14,1,0.807474,0.04,2,0.743275,0.999859
A,50,343,0.3,15,1,0.80675,0.04,2,0.742187,0.999859
A,50,344,0.3,15,1,0.806054,0.04,2,0.741146,0.999858
A,50,345,0.3,15,1,0.805371,0.04,2,0.74013,0.999858
A,50,346,0.3,15,1,0.804709,0.04,2,0.73915,0.999857
A,50,347,0.3,15,1,0.804077,0.04,2,0.738218,0.999856
A,50,348,0.3,15,1,0.803465,0.04,2,0.73732,0.999855
A,50,349,0.3,15,1,0.802857,0.04,2,0.736427,0.999855
A,50,350,0.3,15,1,0.802263,0.04,2,0.735558,0.999854
A,50,351,0.3,15,1,0.801673,0.04,2,0.734697,0.999853
A,50,352,0.3,15,1,0.801103,0.04,2,0.733865,0.999852
A,50,353,0.3,15,1,0.800562,0.04,2,0.733078,0.999851
A,50,354,0.3,15,1,0.800055,0.06,3,0.732345,0.99985
A,50,355,0.3,15,1,0.799553,0.06,3,0.731625,0.999849
A,50,356,0.3,15,1,0.799055,0.06,3,0.730919,0.999848
A,50,357,0.3,15,1,0.798579,0.06,3,0.730253,0.999847
A,50,358,0.3,15,1,0.798078,0.06,3,0.729566,0.999846
A,50,359,0.3,15,1,0.797539,0.06,3,0.728838,0.999845
A,50,360,0.3,15,1,0.796946,0.06,3,0.72805,0.999844
A,50,361,0.3,15,1,0.79628,0.06,3,0.727176,0.999844
A,50,362,0.32,16,1,0.795555,0.06,3,0.726233,0.999843
A,50,363,0.32,16,1,0.79481,0.06,3,0.725269,0.999842
A,50,364,0.32,16,1,0.794054,0.06,3,0.724295,0.999842
A,50,365,0.32,16,1,0.793299,0.06,3,0.723327,0.999841
A,50,366,0.32,16,1,0.792577,0.06,3,0.722402,0.999841
A,50,367,0.32,16,1,0.7919,0.06,3,0.721539,0.99984
A,50,368,0.32,16,1,0.791267,0.06,3,0.720731,0.99984
A,50,369,0.32,16,1,0.790702,0.06,3,0.720014,0.99984
A,50,370,0.32,16,1,0.790187,0.06,3,0.719363,0.99984
A,50,371,0.32,16,1,0.789726,0.06,3,0.718783,0.99984
A,50,372,0.32,16,1,0.789288,0.06,3,0.718237,0.99984
A,50,373,0.32,16,1,0.788874,0.06,3,0.717726,0.99984
A,50,374,0.32,16,1,0.788461,0.06,3,0.717223,0.99984
A,50,375,0.32,16,1,0.788063,0.06,3,0.716747,0.99984
A,50,376,0.32,16,1,0.787651,0.06,3,0.716265,0.99984
A,50,377,0.32,16,1,0.787242,0.06,3,0.715796,0.99984
A,50,378,0.32,16,1,0.786816,0.06,3,0.715318,0.99984
A,50,379,0.32,16,1,0.786363,0.08,4,0.714819,0.999839
A,50,380,0.32,16,1,0.785896,0.08,4,0.714316,0.999839
A,50,381,0.32,16,1,0.78538,0.08,4,0.713768,0.999838
A,50,382,0.34,17,1,0.784805,0.08,4,0.713166,0.999838
A,50,383,0.34,17,1,0.784154,0.08,4,0.712488,0.999837
A,50,384,0.34,17,1,0.783444,0.08,4,0.711751,0.999836
A,50,385,0.34,17,1,0.782704,0.08,4,0.710981,0.999835
A,50,386,0.34,17,1,0.781953,0.08,4,0.710197,0.999834
A,50,387,0.34,17,1,0.781167,0.08,4,0.709369,0.999832
A,50,388,0.34,17,1,0.780384,0.1,5,0.708533,0.999831
A,50,389,0.34,17,1,0.779606,0.1,5,0.707692,0.99983
A,50,390,0.34,17,1,0.778849,0.1,5,0.706859,0.999829
A,50,391,0.34,17,1,0.778108,0.1,5,0.706027,0.999828
A,50,392,0.34,17,1,0.777386,0.1,5,0.7052,0.999827
A,50,393,0.34,17,1,0.7767,0.1,5,0.704396,0.999826
A,50,394,0.34,17,1,0.776076,0.1,5,0.703647,0.999826
A,50,395,0.34,17,1,0.775459,0.1,5,0.702891,0.999825
A,50,396,0.34,17,1,0.774875,0.1,5,0.702162,0.999825
A,50,397,0.34,17,1,0.774311,0.1,5,0.701448,0.999825
A,50,398,0.34,17,1,0.773765,0.1,5,0.700747,0.999824
A,50,399,0.34,17,1,0.773228,0.1,5,0.700056,0.999824
A,50,400,0.34,17,1,0.772652,0.1,5,0.699313,0.999824
A,500,1,0,0,1,0.999043,0,0,0.999037,1
A,500,2,0,0,1,0.999004,0,0,0.998997,1
A,500,3,0,0,1,0.998853,0,0,0.998845,1
A,500,4,0,0,1,0.998619,0,0,0.99861,1
A,500,5,0,0,1,0.998433,0,0,0.998423,1
A,500,6,0,0,1,0.998309,0,0,0.998297,1
A,500,7,0,0,1,0.998201,0,0,0.998187,1
A,500,8,0,0,1,0.99808,0,0,0.998064,1
A,500,9,0,0,1,0.997936,0,0,0.997917,1
A,500,10,0.002,1,1,0.997777,0,0,0.997755,1
A,500,11,0.002,1,1,0.997631,0,0,0.997606,1
A,500,12,0.002,1,1,0.997506,0,0,0.997478,1
A,500,13,0.002,1,1,0.997386,0,0,0.997355,1
A,500,14,0.002,1,1,0.997269,0,0,0.997235,1
A,500,15,0.002,1,1,0.99714,0,0,0.997102,1
A,500,16,0.002,1,1,0.997005,0,0,0.996964,1
A,500,17,0.002,1,1,0.996866,0,0,0.99682,1
A,500,18,0.002,1,1,0.996723,0,0,0.996673,1
A,500,19,0.002,1,1,0.996588,0,0,0.996533,1
A,500,20,0.004,2,1,0.996465,0,0,0.996406,1
A,500,21,0.004,2,1,0.996353,0,0,0.99629,1
A,500,22,0.004,2,1,0.996236,0,0,0.99617,1
A,500,23,0.004,2,1,0.996111,0,0,0.996041,1
A,500,24,0.004,2,1,0.995976,0,0,0.995903,1
A,500,25,0.004,2,1,0.995838,0,0,0.995761,1
A,500,26,0.004,2,1,0.995706,0,0,0.995625,1
A,500,27,0.004,2,1,0.995579,0,0,0.995493,1
A,500,28,0.004,2,1,0.995451,0,0,0.995361,1
A,500,29,0.006,3,1,0.995321,0,0,0.995225,1
A,500,30,0.006,3,1,0.995185,0,0,0.995083,1
A,500,31,0.006,3,1,0.995045,0,0,0.994937,1
A,500,32,0.006,3,1,0.994909,0,0,0.994794,1
A,500,33,0.006,3,1,0.994777,0,0,0.994656,1
A,500,34,0.006,3,1,0.994655,0,0,0.994527,1
A,500,35,0.006,3,1,0.994528,0,0,0.994394,1
A,500,36,0.006,3,1,0.994398,0,0,0.994258,1
A,500,37,0.006,3,1,0.994271,0,0,0.994124,1
A,500,38,0.008,4,1,0.994142,0,0,0.993989,1
A,500,39,0.008,4,1,0.994006,0,0,0.993846,1
A,500,40,0.008,4,1,0.993872,0,0,0.993705,1
A,500,41,0.008,4,1,0.993739,0,0,0.993566,1
A,500,42,0.008,4,1,0.99361,0,0,0.993431,1
A,500,43,0.008,4,1,0.993479,0,0,0.993294,1
A,500,44,0.008,4,1,0.993355,0,0,0.993164,1
A,500,45,0.008,4,1,0.993233,0,0,0.993037,1
A,500,46,0.008,4,1,0.993112,0,0,0.992911,1
A,500,47,0.01,5,1,0.992983,0,0,0.992775,1
A,500,48,0.01,5,1,0.992845,0,0,0.992631,1
A,500,49,0.01,5,1,0.992705,0,0,0.992483,1
A,500,50,0.01,5,1,0.992569,0,0,0.99234,1
A,500,51,0.01,5,1,0.992438,0,0,0.992202,1
A,500,52,0.01,5,1,0.992313,0,0,0.99207,1
A,500,53,0.01,5,1,0.992186,0,0,0.991936,1
A,500,54,0.01,5,1,0.992057,0,0,0.991799,1
A,500,55,0.012,6,1,0.991924,0,0,0.991656,1
A,500,56,0.012,6,1,0.991793,0,0,0.991516,1
A,500,57,0.012,6,1,0.991653,0,0,0.991366,1
A,500,58,0.012,6,1,0.991511,0,0,0.991212,1
A,500,59,0.012,6,1,0.991374,0,0,0.991065,1
A,500,60,0.012,6,1,0.991249,0,0,0.990931,1
A,500,61,0.012,6,1,0.99113,0,0,0.990803,1
A,500,62,0.012,6,1,0.991015,0,0,0.99068,1
A,500,63,0.014,7,1,0.9909,0,0,0.990557,1
A,500,64,0.014,7,1,0.990772,0,0,0.99042,1
A,500,65,0.014,7,1,0.990636,0,0,0.990272,1
A,500,66,0.014,7,1,0.990487,0,0,0.99011,1
A,500,67,0.014,7,1,0.990334,0,0,0.989941,1
A,500,68,0.014,7,1,0.990193,0,0,0.989783,1
A,500,69,0.014,7,1,0.99006,0,0,0.989632,1
A,500,70,0.014,7,1,0.989935,0,0,0.98949,1
A,500,71,0.016,8,1,0.989806,0,0,0.989342,1
A,500,72,0.016,8,1,0.989678,0,0,0.989197,1
A,500,73,0.016,8,1,0.989547,0,0,0.989047,1
A,500,74,0.016,8,1,0.989412,0,0,0.988894,1
A,500,75,0.016,8,1,0.989276,0,0,0.988737,1
A,500,76,0.016,8,1,0.989139,0,0,0.988578,1
A,500,77,0.016,8,1,0.989005,0,0,0.98842,1
A,500,78,0.016,8,1,0.988871,0,0,0.98826,1
A,500,79,0.018,9,1,0.988737,0,0,0.988098,1
A,500,80,0.018,9,1,0.988598,0,0,0.987931,1
A,500,81,0.018,9,1,0.988459,0,0,0.987763,1
A,500,82,0.018,9,1,0.98832,0,0,0.987595,1
A,500,83,0.018,9,1,0.988182,0,0,0.987428,1
A,500,84,0.018,9,1,0.988056,0,0,0.987275,1
A,500,85,0.018,9,1,0.987936,0,0,0.987128,1
A,500,86,0.018,9,1,0.987819,0,0,0.986984,1
A,500,87,0.02,10,1,0.987691,0,0,0.986828,1
A,500,88,0.02,10,1,0.987549,0,0,0.986653,1
A,500,89,0.02,10,1,0.987402,0,0,0.986472,1
A,500,90,0.02,10,1,0.98725,0,0,0.986284,1
A,500,91,0.02,10,1,0.987106,0,0,0.986104,1
A,500,92,0.02,10,1,0.986974,0,0,0.985939,1
A,500,93,0.02,10,1,0.986853,0,0,0.985789,1
A,500,94,0.02,10,1,0.986731,0,0,0.985639,1
A,500,95,0.022,11,1,0.986602,0,0,0.985486,1
A,500,96,0.022,11,1,0.986462,0,0,0.985323,1
A,500,97,0.022,11,1,0.98632,0,0,0.98516,1
A,500,98,0.022,11,1,0.986188,0,0,0.98501,1
A,500,99,0.022,11,1,0.986065,0,0,0.984869,1
A,500,100,0.022,11,1,0.98595,0,0,0.984739,1
A,500,101,0.022,11,1,0.985843,0,0,0.984617,1
A,500,102,0.024,12,1,0.985732,0,0,0.984491,1
A,500,103,0.024,12,1,0.985606,0,0,0.984348,1
A,500,104,0.024,12,1,0.985462,0,0,0.984184,1
A,500,105,0.024,12,1,0.98531,0,0,0.984009,1
A,500,106,0.024,12,1,0.98516,0,0,0.983834,1
A,500,107,0.024,12,1,0.985022,0,0,0.98367,1
A,500,108,0.024,12,1,0.984894,0,0,0.983514,1
A,500,109,0.024,12,1,0.984766,0,0,0.983357,1
A,500,110,0.026,13,1,0.984628,0,0,0.983189,1
A,500,111,0.026,13,1,0.984484,0,0,0.983015,1
A,500,112,0.026,13,1,0.984334,0,0,0.982836,1
A,500,113,0.026,13,1,0.984194,0,0,0.982669,1
A,500,114,0.026,13,1,0.984065,0,0,0.982516,1
A,500,115,0.026,13,1,0.983948,0,0,0.982378,1
A,500,116,0.026,13,1,0.983832,0,0,0.982242,1
A,500,117,0.026,13,1,0.98371,0,0,0.982099,1
A,500,118,0.028,14,1,0.983567,0,0,0.981933,1
A,500,119,0.028,14,1,0.983412,0,0,0.981753,1
A,500,120,0.028,14,1,0.983259,0,0,0.981573,1
A,500,121,0.028,14,1,0.983126,0,0,0.981414,1
A,500,122,0.028,14,1,0.983005,0,0,0.981267,1
A,500,123,0.028,14,1,0.982884,0,0,0.981119,1
A,500,124,0.028,14,1,0.982757,0,0,0.980961,1
A,500,125,0.028,14,1,0.982614,0,0,0.980784,1
A,500,126,0.03,15,1,0.982467,0,0,0.9806,1
A,500,127,0.03,15,1,0.982324,0,0,0.98042,1
A,500,128,0.03,15,1,0.982187,0,0,0.980243,1
A,500,129,0.03,15,1,0.982054,0,0,0.98007,1
A,500,130,0.03,15,1,0.981922,0,0,0.979896,1
A,500,131,0.03,15,1,0.981791,0,0,0.979724,1
A,500,132,0.03,15,1,0.981657,0,0,0.979548,1
A,500,133,0.03,15,1,0.981523,0,0,0.979374,1
A,500,134,0.032,16,1,0.981389,0,0,0.979201,1
A,500,135,0.032,16,1,0.981264,0,0,0.97904,1
A,500,136,0.032,16,1,0.981136,0,0,0.978873,1
A,500,137,0.032,16,1,0.981007,0,0,0.978704,1
A,500,138,0.032,16,1,0.980875,0,0,0.978528,1
A,500,139,0.032,16,1,0.980736,0,0,0.978342,1
A,500,140,0.032,16,1,0.980591,0,0,0.978144,1
A,500,141,0.034,17,1,0.98045,0,0,0.977952,1
A,500,142,0.034,17,1,0.980309,0,0,0.977757,1
A,500,143,0.034,17,1,0.980174,0,0,0.977572,1
A,500,144,0.034,17,1,0.98004,0,0,0.977388,1
A,500,145,0.034,17,1,0.979904,0,0,0.977204,1
A,500,146,0.034,17,1,0.979774,0,0,0.977034,1
A,500,147,0.034,17,1,0.979642,0,0,0.976864,1
A,500,148,0.034,17,1,0.979515,0,0,0.976703,1
A,500,149,0.036,18,1,0.979395,0,0,0.976555,1
A,500,150,0.036,18,1,0.979269,0,0,0.9764,1
A,500,151,0.036,18,1,0.97914,0,0,0.976243,1
A,500,152,0.036,18,1,0.979009,0,0,0.976084,1
A,500,153,0.036,18,1,0.978878,0,0,0.975925,1
A,500,154,0.036,18,1,0.978742,0,0,0.975759,1
A,500,155,0.036,18,1,0.978601,0,0,0.975587,1
A,500,156,0.036,18,1,0.978458,0,0,0.975413,1
A,500,157,0.038,19,1,0.978321,0,0,0.975246,1
A,500,158,0.038,19,1,0.978188,0,0,0.975085,1
A,500,159,0.038,19,1,0.978056,0,0,0.974926,1
A,500,160,0.038,19,1,0.977919,0.002,1,0.974763,1
A,500,161,0.038,19,1,0.977785,0.002,1,0.974605,1
A,500,162,0.038,19,1,0.977651,0.002,1,0.974447,1
A,500,163,0.038,19,1,0.977519,0.002,1,0.974294,1
A,500,164,0.04,20,1,0.977385,0.002,1,0.97414,1
A,500,165,0.04,20,1,0.977253,0.002,1,0.973991,1
A,500,166,0.04,20,1,0.977122,0.002,1,0.973845,1
A,500,167,0.04,20,1,0.976991,0.002,1,0.9737,1
A,500,168,0.04,20,1,0.976863,0.002,1,0.973559,1
A,500,169,0.04,20,1,0.976739,0.002,1,0.973423,1
A,500,170,0.04,20,1,0.976615,0.002,1,0.973288,1
A,500,171,0.04,20,1,0.976481,0.002,1,0.97314,1
A,500,172,0.042,21,1,0.976348,0.002,1,0.972992,1
A,500,173,0.042,21,1,0.976208,0.002,1,0.972834,1
A,500,174,0.042,21,1,0.976069,0.002,1,0.972675,1
A,500,175,0.042,21,1,0.975931,0.002,1,0.972514,1
A,500,176,0.042,21,1,0.975797,0.002,1,0.972353,1
A,500,177,0.042,21,1,0.975663,0.002,1,0.97219,1
A,500,178,0.042,21,1,0.975525,0.002,1,0.97202,1
A,500,179,0.042,21,1,0.975386,0.002,1,0.971847,1
A,500,180,0.044,22,1,0.975248,0.002,1,0.971674,1
A,500,181,0.044,22,1,0.975106,0.002,1,0.971498,1
A,500,182,0.044,22,1,0.974959,0.002,1,0.971315,1
A,500,183,0.044,22,1,0.974821,0.002,1,0.971146,1
A,500,184,0.044,22,1,0.974683,0.002,1,0.970978,1
A,500,185,0.044,22,1,0.974552,0.002,1,0.97082,1
A,500,186,0.044,22,1,0.974428,0.002,1,0.970673,1
A,500,187,0.046,23,1,0.974301,0.002,1,0.970526,1
A,500,188,0.046,23,1,0.974172,0.002,1,0.970378,1
A,500,189,0.046,23,1,0.974035,0.002,1,0.970224,1
A,500,190,0.046,23,1,0.973898,0.002,1,0.97007,1
A,500,191,0.046,23,1,0.973762,0.002,1,0.969919,1
A,500,192,0.046,23,1,0.973625,0.002,1,0.969768,1
A,500,193,0.046,23,1,0.973496,0.002,1,0.969626,1
A,500,194,0.046,23,1,0.973371,0.002,1,0.969489,1
A,500,195,0.048,24,1,0.973243,0.002,1,0.969348,1
A,500,196,0.048,24,1,0.973112,0.002,1,0.969204,1
A,500,197,0.048,24,1,0.972983,0.002,1,0.969061,1
A,500,198,0.048,24,1,0.97285,0.002,1,0.968913,1
A,500,199,0.048,24,1,0.972715,0.002,1,0.968762,1
A,500,200,0.048,24,1,0.972571,0.002,1,0.968599,1
A,500,201,0.048,24,1,0.972424,0.002,1,0.968432,1
A,500,202,0.048,24,1,0.97228,0.002,1,0.968266,1
A,500,203,0.05,25,1,0.972139,0.002,1,0.968103,1
A,500,204,0.05,25,1,0.971997,0.002,1,0.967938,1
A,500,205,0.05,25,1,0.971857,0.002,1,0.967775,1
A,500,206,0.05,25,1,0.971714,0.002,1,0.967608,1
A,500,207,0.05,25,1,0.971577,0.002,1,0.967447,1
A,500,208,0.05,25,1,0.971446,0.002,1,0.967293,1
A,500,209,0.05,25,1,0.971316,0.002,1,0.967139,1
A,500,210,0.052,26,1,0.971179,0.002,1,0.966979,1
A,500,211,0.052,26,1,0.971038,0.002,1,0.966813,1
A,500,212,0.052,26,1,0.970896,0.002,1,0.966645,1
A,500,213,0.052,26,1,0.970753,0.002,1,0.966476,1
A,500,214,0.052,26,1,0.97062,0.002,1,0.966317,1
A,500,215,0.052,26,1,0.970485,0.002,1,0.966153,1
A,500,216,0.052,26,1,0.970354,0.002,1,0.965992,1
A,500,217,0.052,26,1,0.97022,0.002,1,0.965825,1
A,500,218,0.054,27,1,0.970078,0.002,1,0.965647,1
A,500,219,0.054,27,1,0.969936,0.002,1,0.965467,1
A,500,220,0.054,27,1,0.96979,0.002,1,0.965282,1
A,500,221,0.054,27,1,0.969646,0.002,1,0.965097,1
A,500,222,0.054,27,1,0.969511,0.002,1,0.964924,1
A,500,223,0.054,27,1,0.969376,0.002,1,0.96475,1
A,500,224,0.054,27,1,0.969244,0.002,1,0.964581,1
A,500,225,0.056,28,1,0.969116,0.002,1,0.964416,1
A,500,226,0.056,28,1,0.96898,0.002,1,0.964242,1
A,500,227,0.056,28,1,0.968837,0.002,1,0.964059,1
A,500,228,0.056,28,1,0.968689,0.002,1,0.963871,1
A,500,229,0.056,28,1,0.968546,0.002,1,0.963688,1
A,500,230,0.056,28,1,0.968412,0.002,1,0.963516,1
A,500,231,0.056,28,1,0.968281,0.002,1,0.963351,1
A,500,232,0.056,28,1,0.968153,0.002,1,0.963189,1
A,500,233,0.058,29,1,0.968021,0.002,1,0.963023,1
A,500,234,0.058,29,1,0.967883,0.002,1,0.962851,1
A,500,235,0.058,29,1,0.967743,0.002,1,0.962677,1
A,500,236,0.058,29,1,0.967603,0.002,1,0.962504,1
A,500,237,0.058,29,1,0.967461,0.002,1,0.962328,1
A,500,238,0.058,29,1,0.967324,0.002,1,0.96216,1
A,500,239,0.058,29,1,0.967197,0.002,1,0.962003,1
A,500,240,0.06,30,1,0.967068,0.002,1,0.961846,1
A,500,241,0.06,30,1,0.966934,0.002,1,0.961685,1
A,500,242,0.06,30,1,0.966797,0.002,1,0.961522,1
A,500,243,0.06,30,1,0.966662,0.002,1,0.961364,1
A,500,244,0.06,30,1,0.966526,0.002,1,0.961205,1
A,500,245,0.06,30,1,0.966385,0.002,1,0.96104,1
A,500,246,0.06,30,1,0.966243,0.002,1,0.960876,1
A,500,247,0.06,30,1,0.966103,0.002,1,0.960712,1
A,500,248,0.062,31,1,0.965966,0.002,1,0.960554,1
A,500,249,0.062,31,1,0.965833,0.002,1,0.9604,1
A,500,250,0.062,31,1,0.965698,0.002,1,0.960245,1
A,500,251,0.062,31,1,0.965561,0.002,1,0.960088,1
A,500,252,0.062,31,1,0.965431,0.002,1,0.95994,1
A,500,253,0.062,31,1,0.965301,0.002,1,0.959792,1
A,500,254,0.062,31,1,0.965172,0.002,1,0.959644,1
A,500,255,0.062,31,1,0.965035,0.002,1,0.959488,1
A,500,256,0.064,32,1,0.964895,0.002,1,0.959325,1
A,500,257,0.064,32,1,0.964754,0.002,1,0.95916,1
A,500,258,0.064,32,1,0.964605,0.002,1,0.958984,1
A,500,259,0.064,32,1,0.964459,0.002,1,0.958808,1
A,500,260,0.064,32,1,0.964314,0.002,1,0.958632,1
A,500,261,0.064,32,1,0.964171,0.002,1,0.958457,1
A,500,262,0.064,32,1,0.964039,0.002,1,0.958293,1
A,500,263,0.066,33,1,0.963906,0.002,1,0.95813,1
A,500,264,0.066,33,1,0.963765,0.002,1,0.957956,1
A,500,265,0.066,33,1,0.963619,0.002,1,0.957776,1
A,500,266,0.066,33,1,0.963473,0.002,1,0.957596,1
A,500,267,0.066,33,1,0.963331,0.002,1,0.957418,1
A,500,268,0.066,33,1,0.963195,0.002,1,0.957245,1
A,500,269,0.066,33,1,0.96306,0.002,1,0.957073,1
A,500,270,0.066,33,1,0.962922,0.002,1,0.956897,1
A,500,271,0.068,34,1,0.962784,0.002,1,0.95672,1
A,500,272,0.068,34,1,0.962641,0.002,1,0.956539,1
A,500,273,0.068,34,1,0.962494,0.002,1,0.956353,1
A,500,274,0.068,34,1,0.962348,0.002,1,0.956169,1
A,500,275,0.068,34,1,0.962207,0.002,1,0.955991,1
A,500,276,0.068,34,1,0.962078,0.002,1,0.95583,1
A,500,277,0.068,34,1,0.961951,0.002,1,0.955671,1
A,500,278,0.07,35,1,0.961813,0.002,1,0.955502,1
A,500,279,0.07,35,1,0.961666,0.002,1,0.955324,1
A,500,280,0.07,35,1,0.961514,0.002,1,0.955141,1
A,500,281,0.07,35,1,0.96138,0.002,1,0.954979,1
A,500,282,0.07,35,1,0.961255,0.002,1,0.954828,1
A,500,283,0.07,35,1,0.96113,0.002,1,0.954674,1
A,500,284,0.07,35,1,0.961004,0.002,1,0.954521,1
A,500,285,0.07,35,1,0.960872,0.002,1,0.954356,1
A,500,286,0.072,36,1,0.960721,0.002,1,0.954167,1
A,500,287,0.072,36,1,0.960572,0.002,1,0.953976,1
A,500,288,0.072,36,1,0.960426,0.002,1,0.953785,1
A,500,289,0.072,36,1,0.960278,0.002,1,0.953585,1
A,500,290,0.072,36,1,0.960139,0.002,1,0.95339,1
A,500,291,0.072,36,1,0.960003,0.002,1,0.953197,1
A,500,292,0.072,36,1,0.959868,0.002,1,0.953004,1
A,500,293,0.074,37,1,0.95973,0.002,1,0.952804,1
A,500,294,0.074,37,1,0.959588,0.002,1,0.952597,1
A,500,295,0.074,37,1,0.959437,0.002,1,0.952378,1
A,500,296,0.074,37,1,0.959285,0.002,1,0.952153,1
A,500,297,0.074,37,1,0.95914,0.002,1,0.951939,1
A,500,298,0.074,37,1,0.959006,0.002,1,0.95174,1
A,500,299,0.074,37,1,0.958871,0.002,1,0.951543,1
A,500,300,0.074,37,1,0.958729,0.002,1,0.95134,1
A,500,301,0.076,38,1,0.958582,0.002,1,0.951132,1
A,500,302,0.076,38,1,0.958442,0.002,1,0.950937,1
A,500,303,0.076,38,1,0.958305,0.002,1,0.950745,1
A,500,304,0.076,38,1,0.958175,0.002,1,0.950566,1
A,500,305,0.076,38,1,0.958041,0.002,1,0.95038,1
A,500,306,0.076,38,1,0.9579,0.002,1,0.950187,1
A,500,307,0.076,38,1,0.957754,0.002,1,0.949988,1
A,500,308,0.078,39,1,0.957604,0.002,1,0.949786,1
A,500,309,0.078,39,1,0.957458,0.002,1,0.94959,1
A,500,310,0.078,39,1,0.957322,0.002,1,0.949407,1
A,500,311,0.078,39,1,0.95719,0.002,1,0.949232,1
A,500,312,0.078,39,1,0.95706,0.002,1,0.949059,1
A,500,313,0.078,39,1,0.956927,0.002,1,0.948885,1
A,500,314,0.078,39,1,0.956783,0.002,1,0.948699,1
A,500,315,0.078,39,1,0.956644,0.002,1,0.948521,1
A,500,316,0.08,40,1,0.956499,0.002,1,0.948336,1
A,500,317,0.08,40,1,0.956362,0.002,1,0.948162,1
A,500,318,0.08,40,1,0.956221,0.002,1,0.947985,1
A,500,319,0.08,40,1,0.956082,0.002,1,0.947809,1
A,500,320,0.08,40,1,0.95594,0.002,1,0.94763,1
A,500,321,0.08,40,1,0.955798,0.002,1,0.94745,1
A,500,322,0.08,40,1,0.955657,0.002,1,0.947272,1
A,500,323,0.08,40,1,0.955514,0.002,1,0.947092,1
A,500,324,0.082,41,1,0.955374,0.002,1,0.946914,1
A,500,325,0.082,41,1,0.955238,0.002,1,0.946741,1
A,500,326,0.082,41,1,0.955099,0.002,1,0.946563,1
A,500,327,0.082,41,1,0.954965,0.002,1,0.946389,1
A,500,328,0.082,41,1,0.954828,0.002,1,0.946209,1
A,500,329,0.082,41,1,0.954686,0.002,1,0.946022,1
A,500,330,0.082,41,1,0.95454,0.002,1,0.945827,1
A,500,331,0.084,42,1,0.95439,0.002,1,0.945624,1
A,500,332,0.084,42,1,0.954245,0.002,1,0.945425,1
A,500,333,0.084,42,1,0.954099,0.002,1,0.945223,1
A,500,334,0.084,42,1,0.953958,0.002,1,0.945028,1
A,500,335,0.084,42,1,0.953817,0.002,1,0.944835,1
A,500,336,0.084,42,1,0.953683,0.002,1,0.944652,1
A,500,337,0.084,42,1,0.95355,0.004,2,0.944474,1
A,500,338,0.084,42,1,0.953416,0.004,2,0.944297,1
A,500,339,0.086,43,1,0.953277,0.004,2,0.944113,1
A,500,340,0.086,43,1,0.953139,0.004,2,0.94393,1
A,500,341,0.086,43,1,0.952995,0.004,2,0.943738,1
A,500,342,0.086,43,1,0.952851,0.004,2,0.943544,1
A,500,343,0.086,43,1,0.952701,0.004,2,0.943339,1
A,500,344,0.086,43,1,0.952558,0.004,2,0.943143,1
A,500,345,0.086,43,1,0.952417,0.004,2,0.94295,1
A,500,346,0.088,44,1,0.952278,0.004,2,0.94276,1
A,500,347,0.088,44,1,0.952142,0.004,2,0.942576,1
A,500,348,0.088,44,1,0.952007,0.004,2,0.942395,1
A,500,349,0.088,44,1,0.95187,0.004,2,0.942211,1
A,500,350,0.088,44,1,0.951731,0.004,2,0.942027,1
A,500,351,0.088,44,1,0.951587,0.004,2,0.941838,1
A,500,352,0.088,44,1,0.951443,0.004,2,0.941649,1
A,500,353,0.09,45,1,0.9513,0.004,2,0.941463,1
A,500,354,0.09,45,1,0.951161,0.006,3,0.941284,1
A,500,355,0.09,45,1,0.95102,0.006,3,0.941104,1
A,500,356,0.09,45,1,0.95088,0.006,3,0.940927,1
A,500,357,0.09,45,1,0.95075,0.006,3,0.940763,1
A,500,358,0.09,45,1,0.95062,0.006,3,0.9406,1
A,500,359,0.09,45,1,0.950487,0.006,3,0.940434,1
A,500,360,0.09,45,1,0.950349,0.006,3,0.940263,1
A,500,361,0.092,46,1,0.950204,0.006,3,0.940081,1
A,500,362,0.092,46,1,0.950055,0.006,3,0.939893,1
A,500,363,0.092,46,1,0.94991,0.006,3,0.939709,1
A,500,364,0.092,46,1,0.949768,0.006,3,0.939527,1
A,500,365,0.092,46,1,0.949627,0.006,3,0.939344,1
A,500,366,0.092,46,1,0.949486,0.006,3,0.939163,1
A,500,367,0.092,46,1,0.949345,0.006,3,0.938984,1
A,500,368,0.092,46,1,0.949201,0.006,3,0.938803,0.999999
A,500,369,0.094,47,1,0.949062,0.006,3,0.93863,0.999999
A,500,370,0.094,47,1,0.948925,0.006,3,0.938462,0.999999
A,500,371,0.094,47,1,0.948794,0.006,3,0.938303,0.999999
A,500,372,0.094,47,1,0.948661,0.006,3,0.938142,0.999999
A,500,373,0.094,47,1,0.948529,0.006,3,0.937984,0.999999
A,500,374,0.094,47,1,0.948391,0.006,3,0.937819,0.999999
A,500,375,0.094,47,1,0.948253,0.006,3,0.937657,0.999999
A,500,376,0.096,48,1,0.94811,0.006,3,0.93749,0.999999
A,500,377,0.096,48,1,0.94797,0.006,3,0.937328,0.999999
A,500,378,0.096,48,1,0.94783,0.006,3,0.937168,0.999999
A,500,379,0.096,48,1,0.947692,0.008,4,0.93701,0.999999
A,500,380,0.096,48,1,0.947562,0.008,4,0.936862,0.999999
A,500,381,0.096,48,1,0.947429,0.008,4,0.936711,0.999999
A,500,382,0.096,48,1,0.947291,0.008,4,0.936555,0.999999
A,500,383,0.096,48,1,0.947144,0.008,4,0.936388,0.999999
A,500,384,0.098,49,1,0.946993,0.008,4,0.936216,0.999999
A,500,385,0.098,49,1,0.946845,0.008,4,0.936046,0.999999
A,500,386,0.098,49,1,0.946704,0.008,4,0.935881,0.999999
A,500,387,0.098,49,1,0.946561,0.008,4,0.935714,0.999999
A,500,388,0.098,49,1,0.946421,0.01,5,0.935547,0.999999
A,500,389,0.098,49,1,0.946279,0.01,5,0.935379,0.999999
A,500,390,0.098,49,1,0.946137,0.01,5,0.935208,0.999999
A,500,391,0.098,49,1,0.945992,0.01,5,0.935033,0.999999
A,500,392,0.1,50,1,0.945844,0.01,5,0.934855,0.999999
A,500,393,0.1,50,1,0.945697,0.01,5,0.934677,0.999999
A,500,394,0.1,50,1,0.945559,0.01,5,0.934507,0.999999
A,500,395,0.1,50,1,0.945416,0.01,5,0.934332,0.999999
A,500,396,0.1,50,1,0.945276,0.01,5,0.934158,0.999999
A,500,397,0.1,50,1,0.945136,0.01,5,0.933985,0.999999
A,500,398,0.1,50,1,0.944997,0.01,5,0.933813,0.999999
A,500,399,0.102,51,1,0.94486,0.01,5,0.933642,0.999999
A,500,400,0.102,51,1,0.944713,0.01,5,0.93346,0.999999
Tsym,10,1,0,0,1,0.996719,0,0,0.99671,0.999997
Tsym,10,2,0,0,1,0.993354,0,0,0.993317,0.999994
Tsym,10,3,0,0,1,0.985546,0,0,0.985366,0.999987
Tsym,10,4,0,0,1,0.979427,0,0,0.979058,0.999981
Tsym,10,5,0,0,1,0.970895,0,0,0.97014,0.999974
Tsym,10,6,0,0,1,0.963896,0,0,0.962716,0.999969
Tsym,10,7,0,0,1,0.958841,0,0,0.957287,0.999965
Tsym,10,8,0,0,1,0.955052,0,0,0.953181,0.999963
Tsym,10,9,0,0,1,0.9525,0,0,0.950402,0.999962
Tsym,10,10,0,0,1,0.950004,0,0,0.947679,0.999961
Tsym,10,11,0,0,1,0.947074,0,0,0.944481,0.999961
Tsym,10,12,0,0,1,0.943478,0,0,0.940558,0.999961
Tsym,10,13,0,0,1,0.939217,0,0,0.935912,0.999961
Tsym,10,14,0,0,1,0.934069,0,0,0.930299,0.99996
Tsym,10,15,0,0,1,0.928524,0,0,0.924238,0.999959
Tsym,10,16,0,0,1,0.923205,0,0,0.918401,0.999957
Tsym,10,17,0,0,1,0.918261,0,0,0.912942,0.999954
Tsym,10,18,0,0,1,0.913123,0,0,0.907211,0.999951
Tsym,10,19,0,0,1,0.907694,0,0,0.901056,0.999947
Tsym,10,20,0,0,1,0.903175,0,0,0.895831,0.999943
Tsym,10,21,0,0,1,0.899505,0,0,0.891497,0.99994
Tsym,10,22,0,0,1,0.896528,0,0,0.887916,0.999937
Tsym,10,23,0.1,1,1,0.893422,0,0,0.884123,0.999934
Tsym,10,24,0.1,1,1,0.88971,0,0,0.879515,0.999932
Tsym,10,25,0.1,1,1,0.885962,0,0,0.87478,0.99993
Tsym,10,26,0.1,1,1,0.881604,0,0,0.869167,0.999929
Tsym,10,27,0.1,1,1,0.876145,0,0,0.861941,0.999929
Tsym,10,28,0.1,1,1,0.869563,0,0,0.852855,0.999928
Tsym,10,29,0.1,1,1,0.862868,0,0,0.843105,0.999928
Tsym,10,30,0.1,1,1,0.856163,0,0,0.832702,0.999928
Tsym,10,31,0.1,1,1,0.849192,0,0,0.820943,0.999928
Tsym,10,32,0.1,1,1,0.843276,0,0,0.80979,0.999927
Tsym,10,33,0.1,1,1,0.839121,0,0,0.800894,0.999926
Tsym,10,34,0.1,1,1,0.836377,0,0,0.794304,0.999925
Tsym,10,35,0.1,1,1,0.834751,0,0,0.790347,0.999923
Tsym,10,36,0.1,1,1,0.83318,0,0,0.787156,0.99992
Tsym,10,37,0.1,1,1,0.830538,0,0,0.782841,0.999915
Tsym,10,38,0.1,1,1,0.82545,0,0,0.775276,0.999905
Tsym,10,39,0.1,1,1,0.817301,0,0,0.763186,0.999889
Tsym,10,40,0.2,2,1,0.807407,0,0,0.747689,0.999869
Tsym,10,41,0.2,2,1,0.798182,0,0,0.731823,0.99985
Tsym,10,42,0.2,2,1,0.790533,0,0,0.717032,0.999833
Tsym,10,43,0.2,2,1,0.785366,0,0,0.705736,0.999821
Tsym,10,44,0.2,2,1,0.78149,0,0,0.696232,0.999811
Tsym,10,45,0.2,2,1,0.778696,0,0,0.688574,0.999802
Tsym,10,46,0.2,2,1,0.777226,0,0,0.684223,0.999796
Tsym,10,47,0.2,2,1,0.776366,0,0,0.681688,0.99979
Tsym,10,48,0.2,2,1,0.775697,0,0,0.679924,0.999783
Tsym,10,49,0.2,2,1,0.775115,0,0,0.678748,0.999774
Tsym,10,50,0.2,2,1,0.774312,0,0,0.677603,0.99976
Tsym,10,51,0.2,2,1,0.773069,0,0,0.676197,0.999738
Tsym,10,52,0.2,2,1,0.771103,0,0,0.674211,0.999706
Tsym,10,53,0.2,2,1,0.768146,0,0,0.671342,0.999661
Tsym,10,54,0.2,2,1,0.763854,0,0,0.667191,0.9996
Tsym,10,55,0.2,2,1,0.757076,0,0,0.660528,0.999514
Tsym,10,56,0.3,3,1,0.748345,0.1,1,0.651683,0.999413
Tsym,10,57,0.3,3,1,0.740028,0.1,1,0.642922,0.999328
Tsym,10,58,0.3,3,1,0.734276,0.1,1,0.636584,0.999281
Tsym,10,59,0.3,3,1,0.729717,0.1,1,0.631304,0.999257
Tsym,10,60,0.3,3,1,0.725157,0.1,1,0.625741,0.999244
Tsym,10,61,0.3,3,1,0.71965,0.1,1,0.618674,0.999238
Tsym,10,62,0.3,3,1,0.71422,0.1,1,0.61136,0.999237
Tsym,10,63,0.3,3,1,0.70935,0.1,1,0.604513,0.999236
Tsym,10,64,0.3,3,1,0.706105,0.1,1,0.599839,0.999234
Tsym,10,65,0.3,3,1,0.704349,0.1,1,0.597373,0.999224
Tsym,10,66,0.3,3,1,0.703178,0.1,1,0.595937,0.999201
Tsym,10,67,0.3,3,1,0.701553,0.1,1,0.594304,0.999136
Tsym,10,68,0.3,3,1,0.697898,0.1,1,0.590965,0.998951
Tsym,10,69,0.3,3,1,0.692384,0.1,1,0.586095,0.998646
Tsym,10,70,0.3,3,1,0.685756,0.1,1,0.580322,0.998255
Tsym,10,71,0.3,3,1,0.677832,0.1,1,0.573427,0.997759
Tsym,10,72,0.3,3,1,0.668127,0.1,1,0.564879,0.997123
Tsym,10,73,0.4,4,1,0.660105,0.1,1,0.557664,0.996571
Tsym,10,74,0.4,4,1,0.654235,0.1,1,0.552252,0.996134
Tsym,10,75,0.4,4,1,0.648962,0.1,1,0.547226,0.995707
Tsym,10,76,0.4,4,1,0.643902,0.1,1,0.542179,0.995267
Tsym,10,77,0.4,4,1,0.63959,0.1,1,0.537626,0.994871
Tsym,10,78,0.4,4,1,0.636481,0.1,1,0.534143,0.99458
Tsym,10,79,0.4,4,1,0.634132,0.1,1,0.531393,0.994372
Tsym,10,80,0.4,4,1,0.631509,0.1,1,0.528304,0.994184
Tsym,10,81,0.4,4,1,0.62758,0.1,1,0.523737,0.99397
Tsym,10,82,0.4,4,1,0.621433,0.1,1,0.516618,0.993706
Tsym,10,83,0.4,4,1,0.613617,0.1,1,0.507447,0.99343
Tsym,10,84,0.4,4,1,0.604693,0.1,1,0.49672,0.993166
Tsym,10,85,0.4,4,1,0.595572,0.1,1,0.485394,0.99294
Tsym,10,86,0.4,4,1,0.587345,0.1,1,0.474815,0.992769
Tsym,10,87,0.5,5,1,0.58205,0.1,1,0.467907,0.992683
Tsym,10,88,0.5,5,1,0.578267,0.1,1,0.463091,0.992642
Tsym,10,89,0.5,5,1,0.57463,0.1,1,0.458692,0.992623
Tsym,10,90,0.5,5,1,0.569909,0.1,1,0.453259,0.992614
Tsym,10,91,0.5,5,1,0.564124,0.1,1,0.446817,0.992612
Tsym,10,92,0.5,5,1,0.558807,0.1,1,0.441062,0.992612
Tsym,10,93,0.5,5,1,0.554323,0.1,1,0.436336,0.992609
Tsym,10,94,0.5,5,1,0.549674,0.1,1,0.431439,0.992596
Tsym,10,95,0.5,5,1,0.544305,0.1,1,0.42558,0.992567
Tsym,10,96,0.5,5,1,0.538576,0.1,1,0.418962,0.992523
Tsym,10,97,0.5,5,1,0.530994,0.1,1,0.409627,0.99245
Tsym,10,98,0.5,5,1,0.518412,0.1,1,0.392944,0.992319
Tsym,10,99,0.6,6,1,0.500848,0.1,1,0.36687,0.992137
Tsym,10,100,0.6,6,1,0.484953,0.1,1,0.338793,0.991977
Tsym,10,101,0.6,6,1,0.47369,0.1,1,0.313543,0.991871
Tsym,10,102,0.6,6,1,0.467572,0.1,1,0.295113,0.991819
Tsym,10,103,0.6,6,1,0.464806,0.2,2,0.283676,0.991801
Tsym,10,104,0.6,6,1,0.463542,0.2,2,0.276656,0.991797
Tsym,10,105,0.6,6,1,0.46292,0.2,2,0.272283,0.991797
Tsym,10,106,0.6,6,1,0.462555,0.2,2,0.269412,0.991794
Tsym,10,107,0.6,6,1,0.46228,0.2,2,0.267494,0.991779
Tsym,10,108,0.6,6,1,0.462003,0.3,3,0.266319,0.991741
Tsym,10,109,0.6,6,1,0.461561,0.3,3,0.265428,0.991644
Tsym,10,110,0.6,6,0.999999,0.460675,0.3,3,0.264391,0.991409
Tsym,10,111,0.6,6,0.999999,0.459037,0.4,4,0.262947,0.990929
Tsym,10,112,0.6,6,0.999998,0.456583,0.4,4,0.261073,0.990155
Tsym,10,113,0.7,7,0.999996,0.452992,0.4,4,0.258538,0.988943
Tsym,10,114,0.7,7,0.999992,0.448691,0.4,4,0.255625,0.987388
Tsym,10,115,0.7,7,0.999983,0.4445,0.5,5,0.252878,0.985732
Tsym,10,116,0.7,7,0.999962,0.440122,0.5,5,0.250095,0.983793
Tsym,10,117,0.7,7,0.999917,0.435081,0.5,5,0.246962,0.981277
Tsym,10,118,0.7,7,0.999835,0.429433,0.5,5,0.243498,0.978093
Tsym,10,119,0.7,7,0.999695,0.423007,0.5,5,0.239585,0.973995
Tsym,10,120,0.7,7,0.999474,0.415854,0.5,5,0.235234,0.96884
Tsym,10,121,0.7,7,0.999172,0.409164,0.5,5,0.231159,0.963328
Tsym,10,122,0.7,7,0.998754,0.403913,0.5,5,0.22798,0.958132
Tsym,10,123,0.7,7,0.998053,0.399057,0.5,5,0.225083,0.952182
Tsym,10,124,0.7,7,0.996773,0.393578,0.5,5,0.221874,0.943946
Tsym,10,125,0.7,7,0.994953,0.388123,0.5,5,0.218738,0.934169
Tsym,10,126,0.7,7,0.992915,0.384124,0.5,5,0.216506,0.925434
Tsym,10,127,0.7,7,0.990326,0.381184,0.5,5,0.214947,0.917275
Tsym,10,128,0.7,7,0.986407,0.378513,0.5,5,0.213609,0.90811
Tsym,10,129,0.7,7,0.979695,0.375249,0.5,5,0.21203,0.895467
Tsym,10,130,0.7,7,0.96823,0.370565,0.5,5,0.209774,0.876478
Tsym,10,131,0.7,7,0.94979,0.363534,0.5,5,0.206346,0.847598
Tsym,10,132,0.7,7,0.920868,0.352397,0.5,5,0.200803,0.80142
Tsym,10,133,0.7,7,0.880349,0.335064,0.5,5,0.191885,0.727765
Tsym,10,134,0.7,7,0.836899,0.310959,0.5,5,0.178755,0.671357
Tsym,10,135,0.7,7,0.807957,0.287383,0.5,5,0.16464,0.667985
Tsym,50,1,0,0,1,0.996561,0,0,0.996544,0.999998
Tsym,50,2,0,0,1,0.994417,0,0,0.994375,0.999997
Tsym,50,3,0,0,1,0.991449,0,0,0.991345,0.999997
Tsym,50,4,0,0,1,0.989828,0,0,0.989671,0.999997
Tsym,50,5,0,0,1,0.9875,0,0,0.987237,0.999996
Tsym,50,6,0,0,1,0.985008,0,0,0.984611,0.999995
Tsym,50,7,0,0,1,0.982801,0,0,0.982265,0.999994
Tsym,50,8,0,0,1,0.980793,0,0,0.980109,0.999994
Tsym,50,9,0,0,1,0.979177,0,0,0.978375,0.999994
Tsym,50,10,0,0,1,0.977293,0,0,0.976388,0.999993
Tsym,50,11,0.02,1,1,0.975081,0,0,0.974077,0.999991
Tsym,50,12,0.02,1,1,0.972822,0,0,0.971701,0.99999
Tsym,50,13,0.02,1,1,0.970736,0,0,0.96946,0.99999
Tsym,50,14,0.02,1,1,0.968553,0,0,0.967061,0.99999
Tsym,50,15,0.02,1,1,0.966263,0,0,0.964522,0.999989
Tsym,50,16,0.02,1,1,0.964113,0,0,0.962149,0.999988
Tsym,50,17,0.04,2,1,0.962179,0,0,0.960035,0.999986
Tsym,50,18,0.04,2,1,0.960099,0,0,0.957765,0.999986
Tsym,50,19,0.04,2,1,0.957659,0,0,0.955066,0.999986
Tsym,50,20,0.04,2,1,0.955398,0,0,0.952517,0.999986
Tsym,50,21,0.04,2,1,0.953347,0,0,0.95016,0.999985
Tsym,50,22,0.06,3,1,0.951489,0,0,0.94801,0.999983
Tsym,50,23,0.06,3,1,0.949364,0,0,0.945569,0.999983
Tsym,50,24,0.06,3,1,0.946871,0,0,0.94271,0.999983
Tsym,50,25,0.06,3,1,0.944737,0,0,0.940233,0.999983
Tsym,50,26,0.06,3,1,0.942709,0,0,0.937807,0.999982
Tsym,50,27,0.08,4,1,0.940485,0,0,0.935039,0.99998
Tsym,50,28,0.08,4,1,0.938032,0,0,0.931842,0.999979
Tsym,50,29,0.08,4,1,0.935805,0,0,0.928774,0.999979
Tsym,50,30,0.08,4,1,0.933723,0,0,0.925752,0.999979
Tsym,50,31,0.08,4,1,0.931383,0,0,0.922231,0.999978
Tsym,50,32,0.08,4,1,0.928937,0,0,0.918467,0.999977
Tsym,50,33,0.1,5,1,0.926589,0,0,0.914868,0.999976
Tsym,50,34,0.1,5,1,0.924422,0,0,0.911624,0.999976
Tsym,50,35,0.1,5,1,0.922799,0,0,0.9093,0.999975
Tsym,50,36,0.1,5,1,0.921373,0,0,0.907367,0.999974
Tsym,50,37,0.1,5,1,0.919752,0,0,0.905238,0.999971
Tsym,50,38,0.12,6,1,0.917629,0,0,0.90242,0.999968
Tsym,50,39,0.12,6,1,0.915074,0,0,0.898829,0.999966
Tsym,50,40,0.12,6,1,0.912502,0,0,0.894852,0.999966
Tsym,50,41,0.12,6,1,0.910229,0,0,0.890961,0.999966
Tsym,50,42,0.12,6,1,0.908107,0,0,0.887108,0.999963
Tsym,50,43,0.12,6,1,0.906183,0,0,0.883673,0.999959
Tsym,50,44,0.14,7,1,0.903952,0,0,0.879984,0.999956
Tsym,50,45,0.14,7,1,0.901524,0,0,0.876223,0.999955
Tsym,50,46,0.14,7,1,0.899637,0,0,0.873492,0.999955
Tsym,50,47,0.14,7,1,0.897927,0,0,0.871219,0.999953
Tsym,50,48,0.14,7,1,0.896069,0,0,0.868859,0.999948
Tsym,50,49,0.16,8,1,0.894314,0,0,0.866647,0.999942
Tsym,50,50,0.16,8,1,0.892266,0,0,0.864055,0.999938
Tsym,50,51,0.16,8,1,0.889969,0,0,0.861162,0.999936
Tsym,50,52,0.16,8,1,0.887614,0,0,0.858278,0.999936
Tsym,50,53,0.16,8,1,0.885506,0,0,0.855847,0.999934
Tsym,50,54,0.16,8,1,0.883625,0,0,0.853811,0.99993
Tsym,50,55,0.18,9,1,0.881286,0,0,0.851212,0.999924
Tsym,50,56,0.18,9,1,0.878391,0.02,1,0.847715,0.999921
Tsym,50,57,0.18,9,1,0.875591,0.02,1,0.844081,0.999921
Tsym,50,58,0.18,9,1,0.873627,0.02,1,0.841435,0.999919
Tsym,50,59,0.18,9,1,0.871986,0.02,1,0.839289,0.999911
Tsym,50,60,0.2,10,1,0.870172,0.02,1,0.837037,0.999899
Tsym,50,61,0.2,10,1,0.867733,0.02,1,0.833991,0.999888
Tsym,50,62,0.2,10,1,0.865066,0.02,1,0.830445,0.999886
Tsym,50,63,0.2,10,1,0.862261,0.02,1,0.826431,0.999885
Tsym,50,64,0.22,11,1,0.85996,0.02,1,0.823021,0.999878
Tsym,50,65,0.22,11,1,0.858374,0.02,1,0.820772,0.999865
Tsym,50,66,0.22,11,1,0.857101,0.02,1,0.819194,0.99985
Tsym,50,67,0.22,11,1,0.855482,0.02,1,0.817402,0.999835
Tsym,50,68,0.22,11,1,0.852708,0.02,1,0.814398,0.999822
Tsym,50,69,0.24,12,1,0.849841,0.02,1,0.811233,0.999818
Tsym,50,70,0.24,12,1,0.84755,0.02,1,0.808638,0.999818
Tsym,50,71,0.24,12,1,0.845209,0.02,1,0.806037,0.999808
Tsym,50,72,0.24,12,1,0.842122,0.02,1,0.802709,0.999789
Tsym,50,73,0.24,12,1,0.83947,0.02,1,0.799839,0.999775
Tsym,50,74,0.24,12,1,0.837494,0.02,1,0.797576,0.999773
Tsym,50,75,0.24,12,1,0.835378,0.02,1,0.794924,0.999772
Tsym,50,76,0.26,13,1,0.832664,0.02,1,0.791268,0.999762
Tsym,50,77,0.26,13,1,0.829727,0.02,1,0.787067,0.999745
Tsym,50,78,0.26,13,1,0.827336,0.02,1,0.783499,0.999734
Tsym,50,79,0.26,13,1,0.825515,0.02,1,0.780873,0.999732
Tsym,50,80,0.26,13,1,0.823628,0.02,1,0.778492,0.999732
Tsym,50,81,0.28,14,1,0.821242,0.02,1,0.775764,0.999724
Tsym,50,82,0.28,14,1,0.818397,0.02,1,0.772486,0.999708
Tsym,50,83,0.28,14,1,0.815745,0.02,1,0.769125,0.999695
Tsym,50,84,0.28,14,1,0.813239,0.02,1,0.76553,0.999692
Tsym,50,85,0.28,14,1,0.810436,0.02,1,0.761325,0.999692
Tsym,50,86,0.28,14,1,0.807392,0.02,1,0.756818,0.999684
Tsym,50,87,0.3,15,1,0.805149,0.02,1,0.75362,0.99967
Tsym,50,88,0.3,15,1,0.803403,0.02,1,0.751291,0.999657
Tsym,50,89,0.3,15,1,0.801536,0.02,1,0.748954,0.999648
Tsym,50,90,0.3,15,1,0.798856,0.02,1,0.745633,0.999645
Tsym,50,91,0.32,16,1,0.795576,0.02,1,0.74141,0.999645
Tsym,50,92,0.32,16,1,0.79281,0.02,1,0.737609,0.999641
Tsym,50,93,0.32,16,1,0.790586,0.02,1,0.73444,0.999633
Tsym,50,94,0.32,16,1,0.788066,0.02,1,0.73101,0.999622
Tsym,50,95,0.32,16,1,0.785139,0.02,1,0.727205,0.999616
Tsym,50,96,0.32,16,1,0.782698,0.02,1,0.724018,0.999615
Tsym,50,97,0.34,17,1,0.780595,0.02,1,0.721004,0.999613
Tsym,50,98,0.34,17,1,0.778024,0.02,1,0.716667,0.999603
Tsym,50,99,0.34,17,1,0.774727,0.02,1,0.71015,0.99959
Tsym,50,100,0.34,17,1,0.771582,0.02,1,0.702937,0.999586
Tsym,50,101,0.34,17,1,0.768809,0.02,1,0.695956,0.999586
Tsym,50,102,0.36,18,1,0.766587,0.02,1,0.690301,0.999579
Tsym,50,103,0.36,18,1,0.764724,0.04,2,0.68608,0.99956
Tsym,50,104,0.36,18,1,0.762839,0.04,2,0.68255,0.999533
Tsym,50,105,0.36,18,1,0.760751,0.04,2,0.679228,0.999507
Tsym,50,106,0.38,19,1,0.758441,0.04,2,0.675891,0.99949
Tsym,50,107,0.38,19,1,0.756156,0.04,2,0.672764,0.999485
Tsym,50,108,0.38,19,1,0.754223,0.06,3,0.670277,0.999485
Tsym,50,109,0.38,19,1,0.752344,0.06,3,0.668069,0.999477
Tsym,50,110,0.38,19,1,0.750082,0.06,3,0.665584,0.999454
Tsym,50,111,0.38,19,1,0.747436,0.08,4,0.662706,0.999422
Tsym,50,112,0.38,19,1,0.744787,0.08,4,0.659722,0.999403
Tsym,50,113,0.4,20,1,0.741872,0.08,4,0.656284,0.999399
Tsym,50,114,0.4,20,1,0.738904,0.08,4,0.652691,0.999397
Tsym,50,115,0.4,20,1,0.736336,0.1,5,0.649628,0.999381
Tsym,50,116,0.4,20,1,0.733929,0.1,5,0.646925,0.99935
Tsym,50,117,0.4,20,1,0.731438,0.1,5,0.644322,0.999317
Tsym,50,118,0.42,21,1,0.728887,0.1,5,0.641774,0.999302
Tsym,50,119,0.42,21,1,0.726056,0.1,5,0.638913,0.999301
Tsym,50,120,0.42,21,1,0.722855,0.1,5,0.635516,0.999295
Tsym,50,121,0.42,21,1,0.719906,0.1,5,0.632197,0.999274
Tsym,50,122,0.42,21,1,0.71767,0.1,5,0.629512,0.999247
Tsym,50,123,0.44,22,1,0.715412,0.1,5,0.626683,0.999228
Tsym,50,124,0.44,22,1,0.712292,0.1,5,0.622701,0.999221
Tsym,50,125,0.44,22,1,0.708701,0.1,5,0.617954,0.999221
Tsym,50,126,0.44,22,1,0.705861,0.1,5,0.614026,0.999214
Tsym,50,127,0.44,22,1,0.703607,0.1,5,0.610891,0.999192
Tsym,50,128,0.46,23,1,0.701374,0.1,5,0.607986,0.999162
Tsym,50,129,0.46,23,1,0.698758,0.1,5,0.604864,0.999139
Tsym,50,130,0.46,23,1,0.695882,0.1,5,0.601642,0.999129
Tsym,50,131,0.46,23,1,0.693139,0.1,5,0.598718,0.999129
Tsym,50,132,0.46,23,1,0.690488,0.1,5,0.595996,0.999123
Tsym,50,133,0.48,24,1,0.687555,0.1,5,0.592904,0.999102
Tsym,50,134,0.48,24,1,0.683966,0.1,5,0.588693,0.999078
Tsym,50,135,0.48,24,1,0.680449,0.1,5,0.583982,0.999071
Tsym,500,1,0,0,1,0.999109,0,0,0.999105,1
Tsym,500,2,0,0,1,0.998791,0,0,0.998784,1
Tsym,500,3,0.002,1,1,0.998086,0,0,0.998069,1
Tsym,500,4,0.002,1,1,0.997711,0,0,0.997686,1
Tsym,500,5,0.002,1,1,0.997037,0,0,0.996996,1
Tsym,500,6,0.004,2,1,0.99649,0,0,0.996432,1
Tsym,500,7,0.004,2,1,0.995977,0,0,0.995901,1
Tsym,500,8,0.006,3,1,0.995379,0,0,0.99528,1
Tsym,500,9,0.006,3,1,0.994908,0,0,0.99479,1
Tsym,500,10,0.008,4,1,0.994345,0,0,0.99421,1
Tsym,500,11,0.008,4,1,0.993836,0,0,0.993685,1
Tsym,500,12,0.01,5,1,0.993292,0,0,0.993119,1
Tsym,500,13,0.01,5,1,0.992779,0,0,0.992581,1
Tsym,500,14,0.012,6,1,0.99222,0,0,0.991991,1
Tsym,500,15,0.012,6,1,0.991696,0,0,0.991432,1
Tsym,500,16,0.014,7,1,0.991135,0,0,0.990836,1
Tsym,500,17,0.014,7,1,0.990621,0,0,0.990292,1
Tsym,500,18,0.016,8,1,0.990076,0,0,0.989715,1
Tsym,500,19,0.016,8,1,0.989527,0,0,0.989126,1
Tsym,500,20,0.018,9,1,0.988993,0,0,0.98855,1
Tsym,500,21,0.018,9,1,0.988453,0,0,0.987962,1
Tsym,500,22,0.02,10,1,0.987931,0,0,0.987396,1
Tsym,500,23,0.02,10,1,0.987407,0,0,0.986825,1
Tsym,500,24,0.022,11,1,0.986843,0,0,0.986206,1
Tsym,500,25,0.022,11,1,0.986312,0,0,0.985623,1
Tsym,500,26,0.024,12,1,0.985766,0,0,0.985017,1
Tsym,500,27,0.024,12,1,0.985223,0,0,0.9844,1
Tsym,500,28,0.026,13,1,0.984685,0,0,0.983767,1
Tsym,500,29,0.026,13,1,0.984133,0,0,0.98311,1
Tsym,500,30,0.028,14,1,0.983605,0,0,0.982464,1
Tsym,500,31,0.028,14,1,0.983048,0,0,0.981763,1
Tsym,500,32,0.03,15,1,0.982507,0,0,0.981068,1
Tsym,500,33,0.03,15,1,0.981977,0,0,0.980389,1
Tsym,500,34,0.032,16,1,0.981427,0,0,0.9797,1
Tsym,500,35,0.032,16,1,0.980896,0,0,0.979072,1
Tsym,500,36,0.034,17,1,0.980378,0,0,0.978477,1
Tsym,500,37,0.034,17,1,0.97984,0,0,0.97786,1
Tsym,500,38,0.036,18,1,0.9793,0,0,0.977218,0.999999
Tsym,500,39,0.036,18,1,0.978745,0,0,0.976527,0.999999
Tsym,500,40,0.038,19,1,0.978188,0,0,0.975798,0.999999
Tsym,500,41,0.04,20,1,0.977656,0,0,0.97507,0.999999
Tsym,500,42,0.04,20,1,0.977089,0,0,0.974289,0.999999
Tsym,500,43,0.042,21,1,0.976575,0,0,0.973592,0.999999
Tsym,500,44,0.042,21,1,0.976027,0,0,0.972864,0.999999
Tsym,500,45,0.044,22,1,0.975473,0,0,0.972132,0.999999
Tsym,500,46,0.044,22,1,0.974941,0,0,0.971479,0.999999
Tsym,500,47,0.046,23,1,0.974422,0,0,0.970868,0.999999
Tsym,500,48,0.046,23,1,0.973854,0,0,0.970203,0.999999
Tsym,500,49,0.048,24,1,0.973333,0,0,0.96959,0.999999
Tsym,500,50,0.048,24,1,0.972768,0,0,0.968926,0.999999
Tsym,500,51,0.05,25,1,0.972228,0,0,0.968286,0.999999
Tsym,500,52,0.05,25,1,0.971668,0,0,0.967627,0.999999
Tsym,500,53,0.052,26,1,0.971107,0,0,0.966977,0.999999
Tsym,500,54,0.052,26,1,0.970577,0,0,0.966381,0.999999
Tsym,500,55,0.054,27,1,0.970009,0,0,0.965744,0.999999
Tsym,500,56,0.054,27,1,0.969457,0.002,1,0.96508,0.999999
Tsym,500,57,0.056,28,1,0.968887,0.002,1,0.964365,0.999999
Tsym,500,58,0.056,28,1,0.968354,0.002,1,0.963717,0.999999
Tsym,500,59,0.058,29,1,0.967793,0.002,1,0.963059,0.999999
Tsym,500,60,0.058,29,1,0.967259,0.002,1,0.962422,0.999999
Tsym,500,61,0.06,30,1,0.966684,0.002,1,0.961712,0.999999
Tsym,500,62,0.06,30,1,0.96615,0.002,1,0.961035,0.999999
Tsym,500,63,0.062,31,1,0.965574,0.002,1,0.960289,0.999999
Tsym,500,64,0.064,32,1,0.965022,0.002,1,0.959553,0.999999
Tsym,500,65,0.064,32,1,0.96448,0.002,1,0.958859,0.999999
Tsym,500,66,0.066,33,1,0.963943,0.002,1,0.95823,0.999999
Tsym,500,67,0.066,33,1,0.963433,0.002,1,0.957669,0.999999
Tsym,500,68,0.068,34,1,0.962854,0.002,1,0.957012,0.999999
Tsym,500,69,0.068,34,1,0.962295,0.002,1,0.95635,0.999999
Tsym,500,70,0.07,35,1,0.961735,0.002,1,0.955701,0.999999
Tsym,500,71,0.07,35,1,0.961193,0.002,1,0.955089,0.999999
Tsym,500,72,0.072,36,1,0.960612,0.002,1,0.954423,0.999999
Tsym,500,73,0.072,36,1,0.960066,0.002,1,0.953788,0.999999
Tsym,500,74,0.074,37,1,0.959521,0.002,1,0.953161,0.999999
Tsym,500,75,0.074,37,1,0.958979,0.002,1,0.952514,0.999999
Tsym,500,76,0.076,38,1,0.958411,0.002,1,0.951796,0.999999
Tsym,500,77,0.076,38,1,0.957854,0.002,1,0.951049,0.999999
Tsym,500,78,0.078,39,1,0.957299,0.002,1,0.950313,0.999999
Tsym,500,79,0.078,39,1,0.956764,0.002,1,0.949642,0.999999
Tsym,500,80,0.08,40,1,0.956209,0.002,1,0.948985,0.999999
Tsym,500,81,0.08,40,1,0.955657,0.002,1,0.948341,0.999999
Tsym,500,82,0.082,41,1,0.955079,0.002,1,0.947651,0.999999
Tsym,500,83,0.084,42,1,0.954527,0.002,1,0.946957,0.999999
Tsym,500,84,0.084,42,1,0.953942,0.002,1,0.946201,0.999999
Tsym,500,85,0.086,43,1,0.953389,0.002,1,0.945446,0.999999
Tsym,500,86,0.086,43,1,0.952807,0.002,1,0.94464,0.999999
Tsym,500,87,0.088,44,1,0.952265,0.002,1,0.943935,0.999999
Tsym,500,88,0.088,44,1,0.951721,0.002,1,0.943275,0.999999
Tsym,500,89,0.09,45,1,0.951177,0.002,1,0.942622,0.999999
Tsym,500,90,0.09,45,1,0.950615,0.002,1,0.941927,0.999999
Tsym,500,91,0.092,46,1,0.950035,0.002,1,0.941178,0.999998
Tsym,500,92,0.092,46,1,0.949468,0.002,1,0.940428,0.999998
Tsym,500,93,0.094,47,1,0.948906,0.002,1,0.939703,0.999998
Tsym,500,94,0.094,47,1,0.948354,0.002,1,0.938998,0.999998
Tsym,500,95,0.096,48,1,0.94777,0.002,1,0.938247,0.999998
Tsym,500,96,0.096,48,1,0.947218,0.002,1,0.937539,0.999998
Tsym,500,97,0.098,49,1,0.946657,0.002,1,0.93682,0.999998
Tsym,500,98,0.098,49,1,0.946085,0.002,1,0.936006,0.999998
Tsym,500,99,0.1,50,1,0.945495,0.002,1,0.935006,0.999998
Tsym,500,100,0.102,51,1,0.94492,0.002,1,0.933942,0.999998
Tsym,500,101,0.102,51,1,0.944346,0.002,1,0.932871,0.999998
Tsym,500,102,0.104,52,1,0.943784,0.002,1,0.931894,0.999998
Tsym,500,103,0.104,52,1,0.94323,0.004,2,0.931031,0.999998
Tsym,500,104,0.106,53,1,0.942672,0.004,2,0.930234,0.999998
Tsym,500,105,0.106,53,1,0.942118,0.004,2,0.929486,0.999998
Tsym,500,106,0.108,54,1,0.941564,0.004,2,0.928753,0.999998
Tsym,500,107,0.108,54,1,0.941005,0.004,2,0.928022,0.999998
Tsym,500,108,0.11,55,1,0.940454,0.006,3,0.927339,0.999998
Tsym,500,109,0.11,55,1,0.939907,0.006,3,0.926696,0.999998
Tsym,500,110,0.112,56,1,0.939345,0.006,3,0.926033,0.999998
Tsym,500,111,0.112,56,1,0.938766,0.008,4,0.925333,0.999998
Tsym,500,112,0.114,57,1,0.938211,0.008,4,0.924656,0.999998
Tsym,500,113,0.114,57,1,0.937628,0.008,4,0.923937,0.999998
Tsym,500,114,0.116,58,1,0.937049,0.008,4,0.923199,0.999998
Tsym,500,115,0.116,58,1,0.936484,0.01,5,0.92249,0.999998
Tsym,500,116,0.118,59,1,0.935919,0.01,5,0.921807,0.999998
Tsym,500,117,0.118,59,1,0.935339,0.01,5,0.921126,0.999998
Tsym,500,118,0.12,60,1,0.934771,0.01,5,0.920462,0.999998
Tsym,500,119,0.122,61,1,0.934193,0.01,5,0.919784,0.999998
Tsym,500,120,0.122,61,1,0.933619,0.01,5,0.919087,0.999998
Tsym,500,121,0.124,62,1,0.933025,0.01,5,0.918352,0.999998
Tsym,500,122,0.124,62,1,0.93246,0.01,5,0.917644,0.999998
Tsym,500,123,0.126,63,1,0.931891,0.01,5,0.916919,0.999998
Tsym,500,124,0.126,63,1,0.9313,0.01,5,0.916141,0.999998
Tsym,500,125,0.128,64,1,0.930703,0.01,5,0.915309,0.999998
Tsym,500,126,0.128,64,1,0.930127,0.01,5,0.914514,0.999998
Tsym,500,127,0.13,65,1,0.929549,0.01,5,0.913747,0.999998
Tsym,500,128,0.13,65,1,0.92898,0.01,5,0.913012,0.999998
Tsym,500,129,0.132,66,1,0.928405,0.01,5,0.912283,0.999998
Tsym,500,130,0.132,66,1,0.927819,0.01,5,0.911552,0.999998
Tsym,500,131,0.134,67,1,0.927245,0.01,5,0.910842,0.999998
Tsym,500,132,0.136,68,1,0.926657,0.01,5,0.910126,0.999998
Tsym,500,133,0.136,68,1,0.926076,0.01,5,0.909423,0.999998
Tsym,500,134,0.138,69,1,0.925475,0.01,5,0.908629,0.999998
Tsym,500,135,0.138,69,1,0.924876,0.01,5,0.90777,0.999998
