Z,ktar,jdim,capture_frac_1pct,n_res_below_1pct,mean_residual,max_residual
A,10,1,0,0,0.994853,0.999998
A,10,2,0,0,0.994408,0.999998
A,10,3,0,0,0.99308,0.999997
A,10,4,0,0,0.991181,0.999997
A,10,5,0,0,0.989578,0.999996
A,10,6,0,0,0.988269,0.999996
A,10,7,0,0,0.98685,0.999995
A,10,8,0,0,0.9851,0.999995
A,10,9,0,0,0.983041,0.999994
A,10,10,0,0,0.980886,0.999993
A,10,11,0,0,0.978986,0.999993
A,10,12,0,0,0.977392,0.999992
A,10,13,0,0,0.975877,0.999992
A,10,14,0,0,0.974422,0.999991
A,10,15,0,0,0.972873,0.999991
A,10,16,0,0,0.971342,0.999991
A,10,17,0,0,0.969861,0.99999
A,10,18,0,0,0.968432,0.99999
A,10,19,0,0,0.967154,0.99999
A,10,20,0,0,0.966036,0.999989
A,10,21,0,0,0.96504,0.999989
A,10,22,0,0,0.96404,0.999989
A,10,23,0,0,0.962993,0.999989
A,10,24,0,0,0.961869,0.999989
A,10,25,0,0,0.960693,0.999989
A,10,26,0,0,0.959516,0.999989
A,10,27,0,0,0.958315,0.999989
A,10,28,0,0,0.957045,0.999988
A,10,29,0,0,0.955707,0.999988
A,10,30,0,0,0.954281,0.999988
A,10,31,0,0,0.952822,0.999988
A,10,32,0,0,0.951401,0.999988
A,10,33,0,0,0.950064,0.999988
A,10,34,0,0,0.948854,0.999988
A,10,35,0,0,0.947647,0.999988
A,10,36,0,0,0.946458,0.999988
A,10,37,0,0,0.945316,0.999988
A,10,38,0,0,0.94419,0.999988
A,10,39,0,0,0.943031,0.999988
A,10,40,0,0,0.941932,0.999988
A,10,41,0,0,0.940883,0.999988
A,10,42,0,0,0.939898,0.999988
A,10,43,0,0,0.938923,0.999988
A,10,44,0,0,0.937993,0.999988
A,10,45,0,0,0.93706,0.999988
A,10,46,0,0,0.936113,0.999988
A,10,47,0,0,0.935071,0.999987
A,10,48,0,0,0.933945,0.999987
A,10,49,0,0,0.932763,0.999987
A,10,50,0,0,0.931573,0.999987
A,10,51,0,0,0.930379,0.999986
A,10,52,0,0,0.929183,0.999986
A,10,53,0,0,0.927921,0.999985
A,10,54,0,0,0.926605,0.999985
A,10,55,0,0,0.925244,0.999984
A,10,56,0,0,0.923941,0.999984
A,10,57,0,0,0.922604,0.999983
A,10,58,0,0,0.921297,0.999983
A,10,59,0,0,0.920058,0.999982
A,10,60,0,0,0.918912,0.999982
A,10,61,0,0,0.917772,0.999982
A,10,62,0,0,0.916599,0.999981
A,10,63,0,0,0.915333,0.999981
A,10,64,0,0,0.913839,0.99998
A,10,65,0,0,0.91214,0.999979
A,10,66,0,0,0.910175,0.999979
A,10,67,0,0,0.907995,0.999978
A,10,68,0,0,0.905824,0.999978
A,10,69,0,0,0.90364,0.999977
A,10,70,0,0,0.901522,0.999977
A,10,71,0,0,0.899343,0.999976
A,10,72,0,0,0.897236,0.999976
A,10,73,0,0,0.895094,0.999976
A,10,74,0,0,0.892892,0.999975
A,10,75,0,0,0.890566,0.999975
A,10,76,0,0,0.888083,0.999975
A,10,77,0,0,0.885504,0.999975
A,10,78,0,0,0.88282,0.999975
A,10,79,0,0,0.880141,0.999975
A,10,80,0,0,0.877471,0.999974
A,10,81,0,0,0.874888,0.999974
A,10,82,0,0,0.872386,0.999974
A,10,83,0,0,0.869933,0.999974
A,10,84,0,0,0.867625,0.999974
A,10,85,0,0,0.86538,0.999974
A,10,86,0,0,0.863165,0.999974
A,10,87,0,0,0.860818,0.999974
A,10,88,0,0,0.858298,0.999974
A,10,89,0,0,0.855759,0.999974
A,10,90,0,0,0.853162,0.999974
A,10,91,0,0,0.850701,0.999974
A,10,92,0,0,0.848489,0.999974
A,10,93,0,0,0.846611,0.999973
A,10,94,0,0,0.844942,0.999973
A,10,95,0,0,0.843472,0.999973
A,10,96,0,0,0.842132,0.999972
A,10,97,0,0,0.840948,0.999972
A,10,98,0,0,0.839927,0.999972
A,10,99,0,0,0.838999,0.999971
A,10,100,0,0,0.838126,0.99997
A,10,101,0,0,0.837272,0.99997
A,10,102,0,0,0.836357,0.999969
A,10,103,0,0,0.835279,0.999968
A,10,104,0,0,0.83397,0.999966
A,10,105,0,0,0.83245,0.999964
A,10,106,0,0,0.830765,0.999961
A,10,107,0,0,0.829014,0.999959
A,10,108,0,0,0.827226,0.999956
A,10,109,0,0,0.825395,0.999953
A,10,110,0,0,0.823496,0.99995
A,10,111,0,0,0.821637,0.999947
A,10,112,0,0,0.819793,0.999944
A,10,113,0,0,0.818062,0.999942
A,10,114,0,0,0.816406,0.999939
A,10,115,0,0,0.814809,0.999936
A,10,116,0,0,0.813157,0.999934
A,10,117,0,0,0.811392,0.999931
A,10,118,0,0,0.809323,0.999928
A,10,119,0,0,0.807022,0.999925
A,10,120,0,0,0.804579,0.999921
A,10,121,0,0,0.802217,0.999918
A,10,122,0,0,0.799806,0.999915
A,10,123,0,0,0.797233,0.999912
A,10,124,0,0,0.794427,0.999909
A,10,125,0,0,0.791254,0.999906
A,10,126,0,0,0.78794,0.999903
A,10,127,0,0,0.784622,0.9999
A,10,128,0,0,0.781328,0.999897
A,10,129,0,0,0.778088,0.999895
A,10,130,0,0,0.774887,0.999893
A,10,131,0,0,0.77187,0.999891
A,10,132,0,0,0.768979,0.999889
A,10,133,0,0,0.766305,0.999888
A,10,134,0,0,0.76377,0.999887
A,10,135,0,0,0.761494,0.999887
A,10,136,0,0,0.75918,0.999886
A,10,137,0,0,0.756872,0.999886
A,10,138,0,0,0.754504,0.999886
A,10,139,0,0,0.752049,0.999885
A,10,140,0,0,0.749521,0.999885
A,10,141,0,0,0.74713,0.999885
A,10,142,0,0,0.74481,0.999885
A,10,143,0,0,0.742716,0.999885
A,10,144,0,0,0.740789,0.999885
A,10,145,0,0,0.739011,0.999885
A,10,146,0,0,0.737505,0.999885
A,10,147,0,0,0.736141,0.999885
A,10,148,0,0,0.73496,0.999884
A,10,149,0,0,0.733947,0.999884
A,10,150,0,0,0.732954,0.999883
A,10,151,0,0,0.731982,0.999882
A,10,152,0,0,0.731009,0.999881
A,10,153,0,0,0.730036,0.999879
A,10,154,0,0,0.729023,0.999877
A,10,155,0,0,0.727969,0.999874
A,10,156,0,0,0.726913,0.99987
A,10,157,0,0,0.725904,0.999866
A,10,158,0,0,0.724944,0.999861
A,10,159,0,0,0.724014,0.999856
A,10,160,0.1,1,0.72309,0.99985
A,10,161,0.1,1,0.722214,0.999844
A,10,162,0.1,1,0.721374,0.999837
A,10,163,0.1,1,0.720586,0.999829
A,10,164,0.1,1,0.719818,0.999821
A,10,165,0.1,1,0.719087,0.999812
A,10,166,0.1,1,0.718377,0.999801
A,10,167,0.1,1,0.717656,0.99979
A,10,168,0.1,1,0.716925,0.999777
A,10,169,0.1,1,0.71617,0.999762
A,10,170,0.1,1,0.715366,0.999744
A,10,171,0.1,1,0.714433,0.999723
A,10,172,0.1,1,0.713432,0.999698
A,10,173,0.1,1,0.712293,0.999667
A,10,174,0.1,1,0.711062,0.999633
A,10,175,0.1,1,0.709727,0.999595
A,10,176,0.1,1,0.708318,0.999552
A,10,177,0.1,1,0.706818,0.999505
A,10,178,0.1,1,0.705237,0.999453
A,10,179,0.1,1,0.703637,0.9994
A,10,180,0.1,1,0.702094,0.999346
A,10,181,0.1,1,0.700593,0.999292
A,10,182,0.1,1,0.699148,0.999238
A,10,183,0.1,1,0.697904,0.999189
A,10,184,0.1,1,0.696779,0.999143
A,10,185,0.1,1,0.695816,0.999101
A,10,186,0.1,1,0.695014,0.999064
A,10,187,0.1,1,0.694291,0.999028
A,10,188,0.1,1,0.693626,0.998993
A,10,189,0.1,1,0.692977,0.998958
A,10,190,0.1,1,0.692353,0.998922
A,10,191,0.1,1,0.691736,0.998885
A,10,192,0.1,1,0.691099,0.998847
A,10,193,0.1,1,0.690462,0.99881
A,10,194,0.1,1,0.689801,0.998771
A,10,195,0.1,1,0.689057,0.998729
A,10,196,0.1,1,0.688203,0.998683
A,10,197,0.1,1,0.68724,0.998633
A,10,198,0.1,1,0.68608,0.998577
A,10,199,0.1,1,0.684703,0.998514
A,10,200,0.1,1,0.682999,0.998442
A,10,201,0.1,1,0.681044,0.998363
A,10,202,0.1,1,0.678928,0.998284
A,10,203,0.1,1,0.676707,0.998207
A,10,204,0.1,1,0.67437,0.998132
A,10,205,0.1,1,0.672016,0.998063
A,10,206,0.1,1,0.669583,0.997998
A,10,207,0.1,1,0.667192,0.997941
A,10,208,0.1,1,0.664883,0.997892
A,10,209,0.1,1,0.662559,0.997849
A,10,210,0.1,1,0.660167,0.997811
A,10,211,0.1,1,0.657717,0.997778
A,10,212,0.1,1,0.655268,0.997751
A,10,213,0.1,1,0.652791,0.997729
A,10,214,0.1,1,0.650423,0.997712
A,10,215,0.1,1,0.647976,0.997699
A,10,216,0.1,1,0.645576,0.99769
A,10,217,0.1,1,0.64315,0.997684
A,10,218,0.1,1,0.64064,0.99768
A,10,219,0.1,1,0.638206,0.997679
A,10,220,0.1,1,0.635803,0.997678
A,10,221,0.1,1,0.633496,0.997678
A,10,222,0.1,1,0.631415,0.997678
A,10,223,0.1,1,0.62942,0.997677
A,10,224,0.1,1,0.6276,0.997674
A,10,225,0.1,1,0.625976,0.997669
A,10,226,0.1,1,0.624419,0.99766
A,10,227,0.1,1,0.622943,0.997648
A,10,228,0.1,1,0.621552,0.99763
A,10,229,0.1,1,0.620296,0.997608
A,10,230,0.1,1,0.619206,0.997581
A,10,231,0.1,1,0.618238,0.997548
A,10,232,0.1,1,0.617377,0.997508
A,10,233,0.1,1,0.616588,0.997459
A,10,234,0.1,1,0.615848,0.997399
A,10,235,0.1,1,0.615165,0.997329
A,10,236,0.1,1,0.614524,0.997246
A,10,237,0.1,1,0.613911,0.997148
A,10,238,0.1,1,0.613338,0.997036
A,10,239,0.1,1,0.612817,0.996915
A,10,240,0.1,1,0.6123,0.996771
A,10,241,0.1,1,0.611772,0.996602
A,10,242,0.1,1,0.611222,0.996402
A,10,243,0.1,1,0.610659,0.996174
A,10,244,0.1,1,0.610056,0.995907
A,10,245,0.1,1,0.609384,0.995587
A,10,246,0.1,1,0.608666,0.995224
A,10,247,0.1,1,0.607907,0.99482
A,10,248,0.1,1,0.607124,0.994386
A,10,249,0.1,1,0.606313,0.993919
A,10,250,0.1,1,0.605426,0.993393
A,10,251,0.1,1,0.604438,0.992792
A,10,252,0.1,1,0.603372,0.992132
A,10,253,0.1,1,0.602132,0.991355
A,10,254,0.1,1,0.600689,0.990442
A,10,255,0.1,1,0.598938,0.989329
A,10,256,0.1,1,0.596888,0.988026
A,10,257,0.1,1,0.594561,0.986549
A,10,258,0.1,1,0.591858,0.984841
A,10,259,0.1,1,0.588949,0.983016
A,10,260,0.1,1,0.58585,0.981089
A,10,261,0.1,1,0.582613,0.9791
A,10,262,0.1,1,0.579526,0.977229
A,10,263,0.1,1,0.576449,0.975395
A,10,264,0.1,1,0.573275,0.973541
A,10,265,0.1,1,0.570089,0.971723
A,10,266,0.1,1,0.566967,0.969989
A,10,267,0.1,1,0.563958,0.968373
A,10,268,0.1,1,0.561104,0.966897
A,10,269,0.1,1,0.558379,0.965551
A,10,270,0.1,1,0.555747,0.964318
A,10,271,0.1,1,0.553296,0.963242
A,10,272,0.1,1,0.55096,0.962292
A,10,273,0.1,1,0.548715,0.961456
A,10,274,0.1,1,0.546609,0.960751
A,10,275,0.1,1,0.544655,0.960176
A,10,276,0.1,1,0.542962,0.959754
A,10,277,0.1,1,0.541401,0.959441
A,10,278,0.1,1,0.539863,0.959205
A,10,279,0.1,1,0.538331,0.959036
A,10,280,0.1,1,0.536768,0.958921
A,10,281,0.1,1,0.535325,0.958858
A,10,282,0.1,1,0.533847,0.95883
A,10,283,0.1,1,0.53219,0.95882
A,10,284,0.1,1,0.530347,0.958819
A,10,285,0.1,1,0.528181,0.958817
A,10,286,0.1,1,0.525479,0.958802
A,10,287,0.1,1,0.522492,0.958766
A,10,288,0.1,1,0.519196,0.958701
A,10,289,0.1,1,0.515444,0.958594
A,10,290,0.1,1,0.511517,0.958446
A,10,291,0.1,1,0.5074,0.958252
A,10,292,0.1,1,0.503129,0.958009
A,10,293,0.1,1,0.498645,0.957709
A,10,294,0.1,1,0.493987,0.957348
A,10,295,0.1,1,0.48904,0.956917
A,10,296,0.1,1,0.483935,0.956424
A,10,297,0.1,1,0.479068,0.955904
A,10,298,0.1,1,0.474619,0.955376
A,10,299,0.1,1,0.470439,0.954823
A,10,300,0.1,1,0.466412,0.954229
A,10,301,0.1,1,0.462576,0.953601
A,10,302,0.1,1,0.459148,0.952976
A,10,303,0.1,1,0.455912,0.952314
A,10,304,0.1,1,0.452979,0.95164
A,10,305,0.1,1,0.450104,0.950899
A,10,306,0.1,1,0.447284,0.950089
A,10,307,0.1,1,0.444569,0.949228
A,10,308,0.1,1,0.441985,0.948323
A,10,309,0.1,1,0.439618,0.947409
A,10,310,0.1,1,0.437517,0.946511
A,10,311,0.1,1,0.435585,0.945595
A,10,312,0.1,1,0.433762,0.94464
A,10,313,0.1,1,0.432001,0.943626
A,10,314,0.1,1,0.430172,0.942485
A,10,315,0.1,1,0.428423,0.941316
A,10,316,0.1,1,0.426573,0.940002
A,10,317,0.1,1,0.424757,0.938651
A,10,318,0.1,1,0.422807,0.937143
A,10,319,0.1,1,0.420791,0.935541
A,10,320,0.1,1,0.418662,0.933819
A,10,321,0.1,1,0.416451,0.932011
A,10,322,0.1,1,0.414208,0.930169
A,10,323,0.1,1,0.411881,0.928259
A,10,324,0.1,1,0.409486,0.926303
A,10,325,0.1,1,0.40706,0.924341
A,10,326,0.1,1,0.404417,0.922231
A,10,327,0.1,1,0.401707,0.920103
A,10,328,0.1,1,0.398751,0.917829
A,10,329,0.1,1,0.395554,0.915427
A,10,330,0.1,1,0.392144,0.912932
A,10,331,0.1,1,0.38853,0.910364
A,10,332,0.1,1,0.384977,0.907918
A,10,333,0.1,1,0.381406,0.905542
A,10,334,0.1,1,0.378005,0.903357
A,10,335,0.1,1,0.374726,0.901328
A,10,336,0.1,1,0.371712,0.899534
A,10,337,0.2,2,0.368862,0.897905
A,10,338,0.2,2,0.3661,0.896393
A,10,339,0.2,2,0.363282,0.894917
A,10,340,0.2,2,0.360508,0.89353
A,10,341,0.2,2,0.357631,0.892162
A,10,342,0.2,2,0.354785,0.890875
A,10,343,0.2,2,0.351847,0.889616
A,10,344,0.2,2,0.349121,0.888512
A,10,345,0.2,2,0.346544,0.887528
A,10,346,0.2,2,0.344128,0.886661
A,10,347,0.2,2,0.341889,0.885908
A,10,348,0.2,2,0.339787,0.885248
A,10,349,0.2,2,0.337748,0.884653
A,10,350,0.2,2,0.335808,0.884129
A,10,351,0.2,2,0.333927,0.883661
A,10,352,0.2,2,0.332155,0.883258
A,10,353,0.2,2,0.330523,0.882919
A,10,354,0.3,3,0.329053,0.882645
A,10,355,0.3,3,0.327677,0.882417
A,10,356,0.3,3,0.3264,0.882231
A,10,357,0.3,3,0.325278,0.882089
A,10,358,0.3,3,0.324216,0.881977
A,10,359,0.3,3,0.323187,0.881887
A,10,360,0.3,3,0.322175,0.881816
A,10,361,0.3,3,0.321148,0.88176
A,10,362,0.3,3,0.320124,0.881717
A,10,363,0.3,3,0.319148,0.881688
A,10,364,0.3,3,0.318224,0.88167
A,10,365,0.3,3,0.317353,0.881661
A,10,366,0.3,3,0.31656,0.881657
A,10,367,0.3,3,0.315845,0.881657
A,10,368,0.3,3,0.315195,0.881656
A,10,369,0.3,3,0.314626,0.881654
A,10,370,0.3,3,0.314111,0.881645
A,10,371,0.3,3,0.313646,0.881629
A,10,372,0.3,3,0.313196,0.881599
A,10,373,0.3,3,0.312756,0.881553
A,10,374,0.3,3,0.312298,0.881483
A,10,375,0.3,3,0.311831,0.881387
A,10,376,0.3,3,0.31132,0.881253
A,10,377,0.3,3,0.31078,0.881081
A,10,378,0.3,3,0.310181,0.880859
A,10,379,0.4,4,0.309504,0.880574
A,10,380,0.4,4,0.308765,0.88023
A,10,381,0.4,4,0.3079,0.879793
A,10,382,0.4,4,0.306884,0.879246
A,10,383,0.4,4,0.305673,0.878561
A,10,384,0.4,4,0.304283,0.877747
A,10,385,0.4,4,0.302752,0.876824
A,10,386,0.4,4,0.301112,0.875811
A,10,387,0.4,4,0.29929,0.874665
A,10,388,0.5,5,0.297358,0.873433
A,10,389,0.5,5,0.295319,0.872117
A,10,390,0.5,5,0.293206,0.870743
A,10,391,0.5,5,0.291006,0.869304
A,10,392,0.5,5,0.288731,0.86781
A,10,393,0.5,5,0.28644,0.866304
A,10,394,0.5,5,0.284244,0.864856
A,10,395,0.5,5,0.281979,0.863363
A,10,396,0.5,5,0.279762,0.861902
A,10,397,0.5,5,0.277581,0.860466
A,10,398,0.5,5,0.275451,0.859066
A,10,399,0.5,5,0.273374,0.857704
A,10,400,0.5,5,0.271188,0.856274
A,50,1,0,0,0.996731,1
A,50,2,0,0,0.996507,1
A,50,3,0,0,0.995909,1
A,50,4,0,0,0.995096,0.999999
A,50,5,0,0,0.994449,0.999999
A,50,6,0,0,0.99396,0.999999
A,50,7,0,0,0.99347,0.999999
A,50,8,0,0,0.992901,0.999999
A,50,9,0,0,0.992263,0.999999
A,50,10,0,0,0.991619,0.999999
A,50,11,0,0,0.991071,0.999999
A,50,12,0,0,0.990624,0.999999
A,50,13,0,0,0.990207,0.999999
A,50,14,0,0,0.989806,0.999999
A,50,15,0,0,0.989372,0.999999
A,50,16,0,0,0.988931,0.999999
A,50,17,0,0,0.988491,0.999999
A,50,18,0,0,0.988049,0.999999
A,50,19,0,0,0.987636,0.999999
A,50,20,0,0,0.987257,0.999999
A,50,21,0,0,0.9869,0.999999
A,50,22,0,0,0.98652,0.999999
A,50,23,0,0,0.9861,0.999999
A,50,24,0,0,0.985629,0.999999
A,50,25,0,0,0.985119,0.999999
A,50,26,0,0,0.984594,0.999999
A,50,27,0,0,0.98405,0.999999
A,50,28,0,0,0.983468,0.999999
A,50,29,0,0,0.982853,0.999999
A,50,30,0,0,0.982199,0.999999
A,50,31,0,0,0.981533,0.999999
A,50,32,0,0,0.980893,0.999998
A,50,33,0,0,0.980299,0.999998
A,50,34,0,0,0.979769,0.999998
A,50,35,0,0,0.979248,0.999998
A,50,36,0,0,0.97874,0.999998
A,50,37,0,0,0.978255,0.999998
A,50,38,0,0,0.977776,0.999998
A,50,39,0,0,0.97728,0.999998
A,50,40,0,0,0.976804,0.999998
A,50,41,0,0,0.976342,0.999998
A,50,42,0,0,0.975901,0.999998
A,50,43,0,0,0.975454,0.999998
A,50,44,0,0,0.975017,0.999998
A,50,45,0,0,0.974566,0.999998
A,50,46,0,0,0.974097,0.999998
A,50,47,0,0,0.973569,0.999998
A,50,48,0,0,0.972991,0.999997
A,50,49,0,0,0.97238,0.999997
A,50,50,0,0,0.971766,0.999997
A,50,51,0,0,0.971155,0.999997
A,50,52,0,0,0.970553,0.999997
A,50,53,0,0,0.969931,0.999997
A,50,54,0,0,0.9693,0.999997
A,50,55,0,0,0.968668,0.999997
A,50,56,0,0,0.968084,0.999997
A,50,57,0,0,0.967506,0.999997
A,50,58,0,0,0.966963,0.999997
A,50,59,0,0,0.966467,0.999997
A,50,60,0,0,0.966022,0.999997
A,50,61,0,0,0.96559,0.999997
A,50,62,0,0,0.965149,0.999997
A,50,63,0,0,0.964673,0.999997
A,50,64,0,0,0.964107,0.999997
A,50,65,0,0,0.963459,0.999997
A,50,66,0,0,0.96271,0.999997
A,50,67,0,0,0.961887,0.999997
A,50,68,0,0,0.961081,0.999997
A,50,69,0,0,0.960289,0.999997
A,50,70,0,0,0.959546,0.999997
A,50,71,0,0,0.958809,0.999997
A,50,72,0,0,0.958124,0.999997
A,50,73,0,0,0.957456,0.999997
A,50,74,0,0,0.956794,0.999997
A,50,75,0,0,0.956115,0.999997
A,50,76,0,0,0.955407,0.999997
A,50,77,0,0,0.954684,0.999997
A,50,78,0,0,0.953936,0.999997
A,50,79,0,0,0.953189,0.999997
A,50,80,0,0,0.952438,0.999997
A,50,81,0,0,0.951699,0.999997
A,50,82,0,0,0.950964,0.999996
A,50,83,0,0,0.950219,0.999996
A,50,84,0,0,0.949488,0.999996
A,50,85,0,0,0.948741,0.999996
A,50,86,0,0,0.947966,0.999996
A,50,87,0,0,0.947104,0.999996
A,50,88,0,0,0.946141,0.999996
A,50,89,0,0,0.945142,0.999996
A,50,90,0,0,0.944101,0.999996
A,50,91,0,0,0.943101,0.999996
A,50,92,0,0,0.942197,0.999996
A,50,93,0,0,0.941427,0.999996
A,50,94,0,0,0.940741,0.999996
A,50,95,0,0,0.940135,0.999996
A,50,96,0,0,0.939582,0.999996
A,50,97,0,0,0.939088,0.999996
A,50,98,0,0,0.938655,0.999996
A,50,99,0,0,0.938249,0.999996
A,50,100,0,0,0.937849,0.999996
A,50,101,0,0,0.937434,0.999996
A,50,102,0,0,0.936963,0.999996
A,50,103,0,0,0.936378,0.999996
A,50,104,0,0,0.935645,0.999996
A,50,105,0,0,0.934778,0.999996
A,50,106,0,0,0.933816,0.999996
A,50,107,0,0,0.932827,0.999995
A,50,108,0,0,0.931842,0.999995
A,50,109,0,0,0.930868,0.999995
A,50,110,0,0,0.929905,0.999995
A,50,111,0,0,0.929015,0.999995
A,50,112,0,0,0.928188,0.999994
A,50,113,0,0,0.927465,0.999994
A,50,114,0,0,0.926824,0.999994
A,50,115,0,0,0.926246,0.999994
A,50,116,0,0,0.925682,0.999994
A,50,117,0,0,0.925101,0.999994
A,50,118,0,0,0.924432,0.999994
A,50,119,0,0,0.923694,0.999993
A,50,120,0,0,0.922912,0.999993
A,50,121,0,0,0.922158,0.999993
A,50,122,0,0,0.921387,0.999993
A,50,123,0,0,0.920564,0.999993
A,50,124,0,0,0.919667,0.999993
A,50,125,0,0,0.918658,0.999993
A,50,126,0,0,0.917614,0.999993
A,50,127,0,0,0.916583,0.999993
A,50,128,0,0,0.915574,0.999993
A,50,129,0,0,0.914595,0.999993
A,50,130,0,0,0.913639,0.999993
A,50,131,0,0,0.912742,0.999993
A,50,132,0,0,0.911877,0.999993
A,50,133,0,0,0.911062,0.999993
A,50,134,0,0,0.910263,0.999993
A,50,135,0,0,0.909505,0.999993
A,50,136,0,0,0.908679,0.999993
A,50,137,0,0,0.907792,0.999993
A,50,138,0,0,0.90681,0.999993
A,50,139,0,0,0.905721,0.999993
A,50,140,0,0,0.904539,0.999993
A,50,141,0,0,0.903372,0.999992
A,50,142,0,0,0.902199,0.999992
A,50,143,0,0,0.901112,0.999992
A,50,144,0,0,0.900088,0.999992
A,50,145,0,0,0.899126,0.999992
A,50,146,0,0,0.8983,0.999992
A,50,147,0,0,0.897538,0.999991
A,50,148,0,0,0.896864,0.999991
A,50,149,0,0,0.896267,0.999991
A,50,150,0,0,0.895655,0.999991
A,50,151,0,0,0.895024,0.99999
A,50,152,0,0,0.894353,0.99999
A,50,153,0,0,0.893641,0.99999
A,50,154,0,0,0.892854,0.999989
A,50,155,0,0,0.891994,0.999989
A,50,156,0,0,0.891096,0.999988
A,50,157,0,0,0.890209,0.999988
A,50,158,0,0,0.889345,0.999987
A,50,159,0,0,0.888496,0.999987
A,50,160,0.02,1,0.88765,0.999986
A,50,161,0.02,1,0.886856,0.999986
A,50,162,0.02,1,0.886114,0.999985
A,50,163,0.02,1,0.885442,0.999985
A,50,164,0.02,1,0.884821,0.999985
A,50,165,0.02,1,0.884265,0.999984
A,50,166,0.02,1,0.883763,0.999984
A,50,167,0.02,1,0.883292,0.999983
A,50,168,0.02,1,0.882849,0.999983
A,50,169,0.02,1,0.88242,0.999982
A,50,170,0.02,1,0.881984,0.999982
A,50,171,0.02,1,0.881491,0.999981
A,50,172,0.02,1,0.880964,0.999981
A,50,173,0.02,1,0.880359,0.99998
A,50,174,0.02,1,0.87969,0.99998
A,50,175,0.02,1,0.878944,0.999979
A,50,176,0.02,1,0.87813,0.999979
A,50,177,0.02,1,0.877233,0.999978
A,50,178,0.02,1,0.876254,0.999978
A,50,179,0.02,1,0.875231,0.999977
A,50,180,0.02,1,0.874214,0.999977
A,50,181,0.02,1,0.873198,0.999976
A,50,182,0.02,1,0.872196,0.999976
A,50,183,0.02,1,0.871316,0.999976
A,50,184,0.02,1,0.870509,0.999976
A,50,185,0.02,1,0.869812,0.999976
A,50,186,0.02,1,0.86923,0.999976
A,50,187,0.02,1,0.868705,0.999976
A,50,188,0.02,1,0.868227,0.999976
A,50,189,0.02,1,0.867767,0.999976
A,50,190,0.02,1,0.867334,0.999976
A,50,191,0.02,1,0.866917,0.999976
A,50,192,0.02,1,0.8665,0.999976
A,50,193,0.02,1,0.866098,0.999975
A,50,194,0.02,1,0.865696,0.999975
A,50,195,0.02,1,0.865262,0.999975
A,50,196,0.02,1,0.864782,0.999975
A,50,197,0.02,1,0.864263,0.999975
A,50,198,0.02,1,0.863662,0.999974
A,50,199,0.02,1,0.862979,0.999974
A,50,200,0.02,1,0.862171,0.999973
A,50,201,0.02,1,0.861284,0.999972
A,50,202,0.02,1,0.860373,0.999971
A,50,203,0.02,1,0.859471,0.99997
A,50,204,0.02,1,0.858577,0.999969
A,50,205,0.02,1,0.857733,0.999968
A,50,206,0.02,1,0.856914,0.999967
A,50,207,0.02,1,0.856157,0.999967
A,50,208,0.02,1,0.855467,0.999966
A,50,209,0.02,1,0.854803,0.999965
A,50,210,0.02,1,0.854139,0.999965
A,50,211,0.02,1,0.853467,0.999964
A,50,212,0.02,1,0.852791,0.999964
A,50,213,0.02,1,0.852092,0.999964
A,50,214,0.02,1,0.8514,0.999963
A,50,215,0.02,1,0.85065,0.999963
A,50,216,0.02,1,0.849874,0.999963
A,50,217,0.02,1,0.849041,0.999963
A,50,218,0.02,1,0.84813,0.999963
A,50,219,0.02,1,0.847197,0.999963
A,50,220,0.02,1,0.846227,0.999963
A,50,221,0.02,1,0.84525,0.999963
A,50,222,0.02,1,0.844324,0.999963
A,50,223,0.02,1,0.843391,0.999963
A,50,224,0.02,1,0.842496,0.999963
A,50,225,0.02,1,0.841654,0.999963
A,50,226,0.02,1,0.840799,0.999962
A,50,227,0.02,1,0.83994,0.999962
A,50,228,0.02,1,0.839083,0.999962
A,50,229,0.02,1,0.83826,0.999961
A,50,230,0.02,1,0.837496,0.999961
A,50,231,0.02,1,0.836766,0.99996
A,50,232,0.02,1,0.836064,0.999959
A,50,233,0.02,1,0.835363,0.999958
A,50,234,0.02,1,0.834651,0.999957
A,50,235,0.02,1,0.833942,0.999956
A,50,236,0.02,1,0.833227,0.999955
A,50,237,0.02,1,0.832501,0.999954
A,50,238,0.02,1,0.831789,0.999952
A,50,239,0.02,1,0.83112,0.999951
A,50,240,0.02,1,0.830443,0.999949
A,50,241,0.02,1,0.829753,0.999947
A,50,242,0.02,1,0.829048,0.999945
A,50,243,0.02,1,0.828354,0.999942
A,50,244,0.02,1,0.827652,0.99994
A,50,245,0.02,1,0.826923,0.999937
A,50,246,0.02,1,0.826209,0.999934
A,50,247,0.02,1,0.825526,0.99993
A,50,248,0.02,1,0.824899,0.999927
A,50,249,0.02,1,0.824329,0.999924
A,50,250,0.02,1,0.823789,0.99992
A,50,251,0.02,1,0.823264,0.999917
A,50,252,0.02,1,0.822767,0.999913
A,50,253,0.02,1,0.822254,0.999909
A,50,254,0.02,1,0.821715,0.999905
A,50,255,0.02,1,0.821108,0.9999
A,50,256,0.02,1,0.820438,0.999895
A,50,257,0.02,1,0.819714,0.999889
A,50,258,0.02,1,0.818903,0.999883
A,50,259,0.02,1,0.818055,0.999879
A,50,260,0.02,1,0.817172,0.999879
A,50,261,0.02,1,0.816267,0.999879
A,50,262,0.02,1,0.815414,0.999878
A,50,263,0.02,1,0.814567,0.999878
A,50,264,0.02,1,0.813691,0.999878
A,50,265,0.02,1,0.812802,0.999878
A,50,266,0.02,1,0.811914,0.999877
A,50,267,0.02,1,0.811036,0.999877
A,50,268,0.02,1,0.810174,0.999877
A,50,269,0.02,1,0.809319,0.999877
A,50,270,0.02,1,0.808456,0.999876
A,50,271,0.02,1,0.807614,0.999876
A,50,272,0.02,1,0.806772,0.999876
A,50,273,0.02,1,0.805928,0.999876
A,50,274,0.02,1,0.805105,0.999876
A,50,275,0.02,1,0.804315,0.999876
A,50,276,0.02,1,0.803612,0.999876
A,50,277,0.02,1,0.802951,0.999876
A,50,278,0.02,1,0.802294,0.999876
A,50,279,0.02,1,0.801642,0.999876
A,50,280,0.02,1,0.800987,0.999876
A,50,281,0.02,1,0.800399,0.999876
A,50,282,0.02,1,0.79982,0.999876
A,50,283,0.02,1,0.799199,0.999876
A,50,284,0.02,1,0.798539,0.999876
A,50,285,0.02,1,0.797798,0.999875
A,50,286,0.02,1,0.796912,0.999875
A,50,287,0.02,1,0.795972,0.999875
A,50,288,0.02,1,0.794977,0.999875
A,50,289,0.02,1,0.793888,0.999874
A,50,290,0.02,1,0.792787,0.999874
A,50,291,0.02,1,0.791671,0.999874
A,50,292,0.02,1,0.790545,0.999873
A,50,293,0.02,1,0.789389,0.999873
A,50,294,0.02,1,0.788207,0.999873
A,50,295,0.02,1,0.786962,0.999872
A,50,296,0.02,1,0.785682,0.999872
A,50,297,0.02,1,0.784458,0.999872
A,50,298,0.02,1,0.783329,0.999872
A,50,299,0.02,1,0.782247,0.999871
A,50,300,0.02,1,0.781177,0.999871
A,50,301,0.02,1,0.780124,0.999871
A,50,302,0.02,1,0.779144,0.999871
A,50,303,0.02,1,0.778173,0.999871
A,50,304,0.02,1,0.777246,0.999871
A,50,305,0.02,1,0.776286,0.999871
A,50,306,0.02,1,0.775294,0.999871
A,50,307,0.02,1,0.774294,0.999871
A,50,308,0.02,1,0.773302,0.999871
A,50,309,0.02,1,0.772362,0.999871
A,50,310,0.02,1,0.771501,0.999871
A,50,311,0.02,1,0.770689,0.999871
A,50,312,0.02,1,0.769907,0.99987
A,50,313,0.02,1,0.769142,0.99987
A,50,314,0.02,1,0.768343,0.99987
A,50,315,0.02,1,0.767581,0.999869
A,50,316,0.02,1,0.766781,0.999869
A,50,317,0.02,1,0.766008,0.999868
A,50,318,0.02,1,0.765195,0.999868
A,50,319,0.02,1,0.764374,0.999867
A,50,320,0.02,1,0.763532,0.999866
A,50,321,0.02,1,0.762682,0.999865
A,50,322,0.02,1,0.761849,0.999865
A,50,323,0.02,1,0.761012,0.999864
A,50,324,0.02,1,0.760178,0.999863
A,50,325,0.02,1,0.759359,0.999863
A,50,326,0.02,1,0.758493,0.999862
A,50,327,0.02,1,0.757627,0.999862
A,50,328,0.02,1,0.756703,0.999861
A,50,329,0.02,1,0.755722,0.999861
A,50,330,0.02,1,0.754694,0.999861
A,50,331,0.02,1,0.753621,0.99986
A,50,332,0.02,1,0.752579,0.99986
A,50,333,0.02,1,0.751543,0.99986
A,50,334,0.02,1,0.750563,0.99986
A,50,335,0.02,1,0.74962,0.99986
A,50,336,0.02,1,0.748747,0.99986
A,50,337,0.04,2,0.747908,0.99986
A,50,338,0.04,2,0.74707,0.99986
A,50,339,0.04,2,0.746184,0.99986
A,50,340,0.04,2,0.745275,0.99986
A,50,341,0.04,2,0.74429,0.999859
A,50,342,0.04,2,0.743275,0.999859
A,50,343,0.04,2,0.742187,0.999859
A,50,344,0.04,2,0.741146,0.999858
A,50,345,0.04,2,0.74013,0.999858
A,50,346,0.04,2,0.73915,0.999857
A,50,347,0.04,2,0.738218,0.999856
A,50,348,0.04,2,0.73732,0.999855
A,50,349,0.04,2,0.736427,0.999855
A,50,350,0.04,2,0.735558,0.999854
A,50,351,0.04,2,0.734697,0.999853
A,50,352,0.04,2,0.733865,0.999852
A,50,353,0.04,2,0.733078,0.999851
A,50,354,0.06,3,0.732345,0.99985
A,50,355,0.06,3,0.731625,0.999849
A,50,356,0.06,3,0.730919,0.999848
A,50,357,0.06,3,0.730253,0.999847
A,50,358,0.06,3,0.729566,0.999846
A,50,359,0.06,3,0.728838,0.999845
A,50,360,0.06,3,0.72805,0.999844
A,50,361,0.06,3,0.727176,0.999844
A,50,362,0.06,3,0.726233,0.999843
A,50,363,0.06,3,0.725269,0.999842
A,50,364,0.06,3,0.724295,0.999842
A,50,365,0.06,3,0.723327,0.999841
A,50,366,0.06,3,0.722402,0.999841
A,50,367,0.06,3,0.721539,0.99984
A,50,368,0.06,3,0.720731,0.99984
A,50,369,0.06,3,0.720014,0.99984
A,50,370,0.06,3,0.719363,0.99984
A,50,371,0.06,3,0.718783,0.99984
A,50,372,0.06,3,0.718237,0.99984
A,50,373,0.06,3,0.717726,0.99984
A,50,374,0.06,3,0.717223,0.99984
A,50,375,0.06,3,0.716747,0.99984
A,50,376,0.06,3,0.716265,0.99984
A,50,377,0.06,3,0.715796,0.99984
A,50,378,0.06,3,0.715318,0.99984
A,50,379,0.08,4,0.714819,0.999839
A,50,380,0.08,4,0.714316,0.999839
A,50,381,0.08,4,0.713768,0.999838
A,50,382,0.08,4,0.713166,0.999838
A,50,383,0.08,4,0.712488,0.999837
A,50,384,0.08,4,0.711751,0.999836
A,50,385,0.08,4,0.710981,0.999835
A,50,386,0.08,4,0.710197,0.999834
A,50,387,0.08,4,0.709369,0.999832
A,50,388,0.1,5,0.708533,0.999831
A,50,389,0.1,5,0.707692,0.99983
A,50,390,0.1,5,0.706859,0.999829
A,50,391,0.1,5,0.706027,0.999828
A,50,392,0.1,5,0.7052,0.999827
A,50,393,0.1,5,0.704396,0.999826
A,50,394,0.1,5,0.703647,0.999826
A,50,395,0.1,5,0.702891,0.999825
A,50,396,0.1,5,0.702162,0.999825
A,50,397,0.1,5,0.701448,0.999825
A,50,398,0.1,5,0.700747,0.999824
A,50,399,0.1,5,0.700056,0.999824
A,50,400,0.1,5,0.699313,0.999824
A,500,1,0,0,0.999037,1
A,500,2,0,0,0.998997,1
A,500,3,0,0,0.998845,1
A,500,4,0,0,0.99861,1
A,500,5,0,0,0.998423,1
A,500,6,0,0,0.998297,1
A,500,7,0,0,0.998187,1
A,500,8,0,0,0.998064,1
A,500,9,0,0,0.997917,1
A,500,10,0,0,0.997755,1
A,500,11,0,0,0.997606,1
A,500,12,0,0,0.997478,1
A,500,13,0,0,0.997355,1
A,500,14,0,0,0.997235,1
A,500,15,0,0,0.997102,1
A,500,16,0,0,0.996964,1
A,500,17,0,0,0.99682,1
A,500,18,0,0,0.996673,1
A,500,19,0,0,0.996533,1
A,500,20,0,0,0.996406,1
A,500,21,0,0,0.99629,1
A,500,22,0,0,0.99617,1
A,500,23,0,0,0.996041,1
A,500,24,0,0,0.995903,1
A,500,25,0,0,0.995761,1
A,500,26,0,0,0.995625,1
A,500,27,0,0,0.995493,1
A,500,28,0,0,0.995361,1
A,500,29,0,0,0.995225,1
A,500,30,0,0,0.995083,1
A,500,31,0,0,0.994937,1
A,500,32,0,0,0.994794,1
A,500,33,0,0,0.994656,1
A,500,34,0,0,0.994527,1
A,500,35,0,0,0.994394,1
A,500,36,0,0,0.994258,1
A,500,37,0,0,0.994124,1
A,500,38,0,0,0.993989,1
A,500,39,0,0,0.993846,1
A,500,40,0,0,0.993705,1
A,500,41,0,0,0.993566,1
A,500,42,0,0,0.993431,1
A,500,43,0,0,0.993294,1
A,500,44,0,0,0.993164,1
A,500,45,0,0,0.993037,1
A,500,46,0,0,0.992911,1
A,500,47,0,0,0.992775,1
A,500,48,0,0,0.992631,1
A,500,49,0,0,0.992483,1
A,500,50,0,0,0.99234,1
A,500,51,0,0,0.992202,1
A,500,52,0,0,0.99207,1
A,500,53,0,0,0.991936,1
A,500,54,0,0,0.991799,1
A,500,55,0,0,0.991656,1
A,500,56,0,0,0.991516,1
A,500,57,0,0,0.991366,1
A,500,58,0,0,0.991212,1
A,500,59,0,0,0.991065,1
A,500,60,0,0,0.990931,1
A,500,61,0,0,0.990803,1
A,500,62,0,0,0.99068,1
A,500,63,0,0,0.990557,1
A,500,64,0,0,0.99042,1
A,500,65,0,0,0.990272,1
A,500,66,0,0,0.99011,1
A,500,67,0,0,0.989941,1
A,500,68,0,0,0.989783,1
A,500,69,0,0,0.989632,1
A,500,70,0,0,0.98949,1
A,500,71,0,0,0.989342,1
A,500,72,0,0,0.989197,1
A,500,73,0,0,0.989047,1
A,500,74,0,0,0.988894,1
A,500,75,0,0,0.988737,1
A,500,76,0,0,0.988578,1
A,500,77,0,0,0.98842,1
A,500,78,0,0,0.98826,1
A,500,79,0,0,0.988098,1
A,500,80,0,0,0.987931,1
A,500,81,0,0,0.987763,1
A,500,82,0,0,0.987595,1
A,500,83,0,0,0.987428,1
A,500,84,0,0,0.987275,1
A,500,85,0,0,0.987128,1
A,500,86,0,0,0.986984,1
A,500,87,0,0,0.986828,1
A,500,88,0,0,0.986653,1
A,500,89,0,0,0.986472,1
A,500,90,0,0,0.986284,1
A,500,91,0,0,0.986104,1
A,500,92,0,0,0.985939,1
A,500,93,0,0,0.985789,1
A,500,94,0,0,0.985639,1
A,500,95,0,0,0.985486,1
A,500,96,0,0,0.985323,1
A,500,97,0,0,0.98516,1
A,500,98,0,0,0.98501,1
A,500,99,0,0,0.984869,1
A,500,100,0,0,0.984739,1
A,500,101,0,0,0.984617,1
A,500,102,0,0,0.984491,1
A,500,103,0,0,0.984348,1
A,500,104,0,0,0.984184,1
A,500,105,0,0,0.984009,1
A,500,106,0,0,0.983834,1
A,500,107,0,0,0.98367,1
A,500,108,0,0,0.983514,1
A,500,109,0,0,0.983357,1
A,500,110,0,0,0.983189,1
A,500,111,0,0,0.983015,1
A,500,112,0,0,0.982836,1
A,500,113,0,0,0.982669,1
A,500,114,0,0,0.982516,1
A,500,115,0,0,0.982378,1
A,500,116,0,0,0.982242,1
A,500,117,0,0,0.982099,1
A,500,118,0,0,0.981933,1
A,500,119,0,0,0.981753,1
A,500,120,0,0,0.981573,1
A,500,121,0,0,0.981414,1
A,500,122,0,0,0.981267,1
A,500,123,0,0,0.981119,1
A,500,124,0,0,0.980961,1
A,500,125,0,0,0.980784,1
A,500,126,0,0,0.9806,1
A,500,127,0,0,0.98042,1
A,500,128,0,0,0.980243,1
A,500,129,0,0,0.98007,1
A,500,130,0,0,0.979896,1
A,500,131,0,0,0.979724,1
A,500,132,0,0,0.979548,1
A,500,133,0,0,0.979374,1
A,500,134,0,0,0.979201,1
A,500,135,0,0,0.97904,1
A,500,136,0,0,0.978873,1
A,500,137,0,0,0.978704,1
A,500,138,0,0,0.978528,1
A,500,139,0,0,0.978342,1
A,500,140,0,0,0.978144,1
A,500,141,0,0,0.977952,1
A,500,142,0,0,0.977757,1
A,500,143,0,0,0.977572,1
A,500,144,0,0,0.977388,1
A,500,145,0,0,0.977204,1
A,500,146,0,0,0.977034,1
A,500,147,0,0,0.976864,1
A,500,148,0,0,0.976703,1
A,500,149,0,0,0.976555,1
A,500,150,0,0,0.9764,1
A,500,151,0,0,0.976243,1
A,500,152,0,0,0.976084,1
A,500,153,0,0,0.975925,1
A,500,154,0,0,0.975759,1
A,500,155,0,0,0.975587,1
A,500,156,0,0,0.975413,1
A,500,157,0,0,0.975246,1
A,500,158,0,0,0.975085,1
A,500,159,0,0,0.974926,1
A,500,160,0.002,1,0.974763,1
A,500,161,0.002,1,0.974605,1
A,500,162,0.002,1,0.974447,1
A,500,163,0.002,1,0.974294,1
A,500,164,0.002,1,0.97414,1
A,500,165,0.002,1,0.973991,1
A,500,166,0.002,1,0.973845,1
A,500,167,0.002,1,0.9737,1
A,500,168,0.002,1,0.973559,1
A,500,169,0.002,1,0.973423,1
A,500,170,0.002,1,0.973288,1
A,500,171,0.002,1,0.97314,1
A,500,172,0.002,1,0.972992,1
A,500,173,0.002,1,0.972834,1
A,500,174,0.002,1,0.972675,1
A,500,175,0.002,1,0.972514,1
A,500,176,0.002,1,0.972353,1
A,500,177,0.002,1,0.97219,1
A,500,178,0.002,1,0.97202,1
A,500,179,0.002,1,0.971847,1
A,500,180,0.002,1,0.971674,1
A,500,181,0.002,1,0.971498,1
A,500,182,0.002,1,0.971315,1
A,500,183,0.002,1,0.971146,1
A,500,184,0.002,1,0.970978,1
A,500,185,0.002,1,0.97082,1
A,500,186,0.002,1,0.970673,1
A,500,187,0.002,1,0.970526,1
A,500,188,0.002,1,0.970378,1
A,500,189,0.002,1,0.970224,1
A,500,190,0.002,1,0.97007,1
A,500,191,0.002,1,0.969919,1
A,500,192,0.002,1,0.969768,1
A,500,193,0.002,1,0.969626,1
A,500,194,0.002,1,0.969489,1
A,500,195,0.002,1,0.969348,1
A,500,196,0.002,1,0.969204,1
A,500,197,0.002,1,0.969061,1
A,500,198,0.002,1,0.968913,1
A,500,199,0.002,1,0.968762,1
A,500,200,0.002,1,0.968599,1
A,500,201,0.002,1,0.968432,1
A,500,202,0.002,1,0.968266,1
A,500,203,0.002,1,0.968103,1
A,500,204,0.002,1,0.967938,1
A,500,205,0.002,1,0.967775,1
A,500,206,0.002,1,0.967608,1
A,500,207,0.002,1,0.967447,1
A,500,208,0.002,1,0.967293,1
A,500,209,0.002,1,0.967139,1
A,500,210,0.002,1,0.966979,1
A,500,211,0.002,1,0.966813,1
A,500,212,0.002,1,0.966645,1
A,500,213,0.002,1,0.966476,1
A,500,214,0.002,1,0.966317,1
A,500,215,0.002,1,0.966153,1
A,500,216,0.002,1,0.965992,1
A,500,217,0.002,1,0.965825,1
A,500,218,0.002,1,0.965647,1
A,500,219,0.002,1,0.965467,1
A,500,220,0.002,1,0.965282,1
A,500,221,0.002,1,0.965097,1
A,500,222,0.002,1,0.964924,1
A,500,223,0.002,1,0.96475,1
A,500,224,0.002,1,0.964581,1
A,500,225,0.002,1,0.964416,1
A,500,226,0.002,1,0.964242,1
A,500,227,0.002,1,0.964059,1
A,500,228,0.002,1,0.963871,1
A,500,229,0.002,1,0.963688,1
A,500,230,0.002,1,0.963516,1
A,500,231,0.002,1,0.963351,1
A,500,232,0.002,1,0.963189,1
A,500,233,0.002,1,0.963023,1
A,500,234,0.002,1,0.962851,1
A,500,235,0.002,1,0.962677,1
A,500,236,0.002,1,0.962504,1
A,500,237,0.002,1,0.962328,1
A,500,238,0.002,1,0.96216,1
A,500,239,0.002,1,0.962003,1
A,500,240,0.002,1,0.961846,1
A,500,241,0.002,1,0.961685,1
A,500,242,0.002,1,0.961522,1
A,500,243,0.002,1,0.961364,1
A,500,244,0.002,1,0.961205,1
A,500,245,0.002,1,0.96104,1
A,500,246,0.002,1,0.960876,1
A,500,247,0.002,1,0.960712,1
A,500,248,0.002,1,0.960554,1
A,500,249,0.002,1,0.9604,1
A,500,250,0.002,1,0.960245,1
A,500,251,0.002,1,0.960088,1
A,500,252,0.002,1,0.95994,1
A,500,253,0.002,1,0.959792,1
A,500,254,0.002,1,0.959644,1
A,500,255,0.002,1,0.959488,1
A,500,256,0.002,1,0.959325,1
A,500,257,0.002,1,0.95916,1
A,500,258,0.002,1,0.958984,1
A,500,259,0.002,1,0.958808,1
A,500,260,0.002,1,0.958632,1
A,500,261,0.002,1,0.958457,1
A,500,262,0.002,1,0.958293,1
A,500,263,0.002,1,0.95813,1
A,500,264,0.002,1,0.957956,1
A,500,265,0.002,1,0.957776,1
A,500,266,0.002,1,0.957596,1
A,500,267,0.002,1,0.957418,1
A,500,268,0.002,1,0.957245,1
A,500,269,0.002,1,0.957073,1
A,500,270,0.002,1,0.956897,1
A,500,271,0.002,1,0.95672,1
A,500,272,0.002,1,0.956539,1
A,500,273,0.002,1,0.956353,1
A,500,274,0.002,1,0.956169,1
A,500,275,0.002,1,0.955991,1
A,500,276,0.002,1,0.95583,1
A,500,277,0.002,1,0.955671,1
A,500,278,0.002,1,0.955502,1
A,500,279,0.002,1,0.955324,1
A,500,280,0.002,1,0.955141,1
A,500,281,0.002,1,0.954979,1
A,500,282,0.002,1,0.954828,1
A,500,283,0.002,1,0.954674,1
A,500,284,0.002,1,0.954521,1
A,500,285,0.002,1,0.954356,1
A,500,286,0.002,1,0.954167,1
A,500,287,0.002,1,0.953976,1
A,500,288,0.002,1,0.953785,1
A,500,289,0.002,1,0.953585,1
A,500,290,0.002,1,0.95339,1
A,500,291,0.002,1,0.953197,1
A,500,292,0.002,1,0.953004,1
A,500,293,0.002,1,0.952804,1
A,500,294,0.002,1,0.952597,1
A,500,295,0.002,1,0.952378,1
A,500,296,0.002,1,0.952153,1
A,500,297,0.002,1,0.951939,1
A,500,298,0.002,1,0.95174,1
A,500,299,0.002,1,0.951543,1
A,500,300,0.002,1,0.95134,1
A,500,301,0.002,1,0.951132,1
A,500,302,0.002,1,0.950937,1
A,500,303,0.002,1,0.950745,1
A,500,304,0.002,1,0.950566,1
A,500,305,0.002,1,0.95038,1
A,500,306,0.002,1,0.950187,1
A,500,307,0.002,1,0.949988,1
A,500,308,0.002,1,0.949786,1
A,500,309,0.002,1,0.94959,1
A,500,310,0.002,1,0.949407,1
A,500,311,0.002,1,0.949232,1
A,500,312,0.002,1,0.949059,1
A,500,313,0.002,1,0.948885,1
A,500,314,0.002,1,0.948699,1
A,500,315,0.002,1,0.948521,1
A,500,316,0.002,1,0.948336,1
A,500,317,0.002,1,0.948162,1
A,500,318,0.002,1,0.947985,1
A,500,319,0.002,1,0.947809,1
A,500,320,0.002,1,0.94763,1
A,500,321,0.002,1,0.94745,1
A,500,322,0.002,1,0.947272,1
A,500,323,0.002,1,0.947092,1
A,500,324,0.002,1,0.946914,1
A,500,325,0.002,1,0.946741,1
A,500,326,0.002,1,0.946563,1
A,500,327,0.002,1,0.946389,1
A,500,328,0.002,1,0.946209,1
A,500,329,0.002,1,0.946022,1
A,500,330,0.002,1,0.945827,1
A,500,331,0.002,1,0.945624,1
A,500,332,0.002,1,0.945425,1
A,500,333,0.002,1,0.945223,1
A,500,334,0.002,1,0.945028,1
A,500,335,0.002,1,0.944835,1
A,500,336,0.002,1,0.944652,1
A,500,337,0.004,2,0.944474,1
A,500,338,0.004,2,0.944297,1
A,500,339,0.004,2,0.944113,1
A,500,340,0.004,2,0.94393,1
A,500,341,0.004,2,0.943738,1
A,500,342,0.004,2,0.943544,1
A,500,343,0.004,2,0.943339,1
A,500,344,0.004,2,0.943143,1
A,500,345,0.004,2,0.94295,1
A,500,346,0.004,2,0.94276,1
A,500,347,0.004,2,0.942576,1
A,500,348,0.004,2,0.942395,1
A,500,349,0.004,2,0.942211,1
A,500,350,0.004,2,0.942027,1
A,500,351,0.004,2,0.941838,1
A,500,352,0.004,2,0.941649,1
A,500,353,0.004,2,0.941463,1
A,500,354,0.006,3,0.941284,1
A,500,355,0.006,3,0.941104,1
A,500,356,0.006,3,0.940927,1
A,500,357,0.006,3,0.940763,1
A,500,358,0.006,3,0.9406,1
A,500,359,0.006,3,0.940434,1
A,500,360,0.006,3,0.940263,1
A,500,361,0.006,3,0.940081,1
A,500,362,0.006,3,0.939893,1
A,500,363,0.006,3,0.939709,1
A,500,364,0.006,3,0.939527,1
A,500,365,0.006,3,0.939344,1
A,500,366,0.006,3,0.939163,1
A,500,367,0.006,3,0.938984,1
A,500,368,0.006,3,0.938803,0.999999
A,500,369,0.006,3,0.93863,0.999999
A,500,370,0.006,3,0.938462,0.999999
A,500,371,0.006,3,0.938303,0.999999
A,500,372,0.006,3,0.938142,0.999999
A,500,373,0.006,3,0.937984,0.999999
A,500,374,0.006,3,0.937819,0.999999
A,500,375,0.006,3,0.937657,0.999999
A,500,376,0.006,3,0.93749,0.999999
A,500,377,0.006,3,0.937328,0.999999
A,500,378,0.006,3,0.937168,0.999999
A,500,379,0.008,4,0.93701,0.999999
A,500,380,0.008,4,0.936862,0.999999
A,500,381,0.008,4,0.936711,0.999999
A,500,382,0.008,4,0.936555,0.999999
A,500,383,0.008,4,0.936388,0.999999
A,500,384,0.008,4,0.936216,0.999999
A,500,385,0.008,4,0.936046,0.999999
A,500,386,0.008,4,0.935881,0.999999
A,500,387,0.008,4,0.935714,0.999999
A,500,388,0.01,5,0.935547,0.999999
A,500,389,0.01,5,0.935379,0.999999
A,500,390,0.01,5,0.935208,0.999999
A,500,391,0.01,5,0.935033,0.999999
A,500,392,0.01,5,0.934855,0.999999
A,500,393,0.01,5,0.934677,0.999999
A,500,394,0.01,5,0.934507,0.999999
A,500,395,0.01,5,0.934332,0.999999
A,500,396,0.01,5,0.934158,0.999999
A,500,397,0.01,5,0.933985,0.999999
A,500,398,0.01,5,0.933813,0.999999
A,500,399,0.01,5,0.933642,0.999999
A,500,400,0.01,5,0.93346,0.999999
Tsym,10,1,0,0,0.99671,0.999997
Tsym,10,2,0,0,0.993317,0.999994
Tsym,10,3,0,0,0.985366,0.999987
Tsym,10,4,0,0,0.979058,0.999981
Tsym,10,5,0,0,0.97014,0.999974
Tsym,10,6,0,0,0.962716,0.999969
Tsym,10,7,0,0,0.957287,0.999965
Tsym,10,8,0,0,0.953181,0.999963
Tsym,10,9,0,0,0.950402,0.999962
Tsym,10,10,0,0,0.947679,0.999961
Tsym,10,11,0,0,0.944481,0.999961
Tsym,10,12,0,0,0.940558,0.999961
Tsym,10,13,0,0,0.935912,0.999961
Tsym,10,14,0,0,0.930299,0.99996
Tsym,10,15,0,0,0.924238,0.999959
Tsym,10,16,0,0,0.918401,0.999957
Tsym,10,17,0,0,0.912942,0.999954
Tsym,10,18,0,0,0.907211,0.999951
Tsym,10,19,0,0,0.901056,0.999947
Tsym,10,20,0,0,0.895831,0.999943
Tsym,10,21,0,0,0.891497,0.99994
Tsym,10,22,0,0,0.887916,0.999937
Tsym,10,23,0,0,0.884123,0.999934
Tsym,10,24,0,0,0.879515,0.999932
Tsym,10,25,0,0,0.87478,0.99993
Tsym,10,26,0,0,0.869167,0.999929
Tsym,10,27,0,0,0.861941,0.999929
Tsym,10,28,0,0,0.852855,0.999928
Tsym,10,29,0,0,0.843105,0.999928
Tsym,10,30,0,0,0.832702,0.999928
Tsym,10,31,0,0,0.820943,0.999928
Tsym,10,32,0,0,0.80979,0.999927
Tsym,10,33,0,0,0.800894,0.999926
Tsym,10,34,0,0,0.794304,0.999925
Tsym,10,35,0,0,0.790347,0.999923
Tsym,10,36,0,0,0.787156,0.99992
Tsym,10,37,0,0,0.782841,0.999915
Tsym,10,38,0,0,0.775276,0.999905
Tsym,10,39,0,0,0.763186,0.999889
Tsym,10,40,0,0,0.747689,0.999869
Tsym,10,41,0,0,0.731823,0.99985
Tsym,10,42,0,0,0.717032,0.999833
Tsym,10,43,0,0,0.705736,0.999821
Tsym,10,44,0,0,0.696232,0.999811
Tsym,10,45,0,0,0.688574,0.999802
Tsym,10,46,0,0,0.684223,0.999796
Tsym,10,47,0,0,0.681688,0.99979
Tsym,10,48,0,0,0.679924,0.999783
Tsym,10,49,0,0,0.678748,0.999774
Tsym,10,50,0,0,0.677603,0.99976
Tsym,10,51,0,0,0.676197,0.999738
Tsym,10,52,0,0,0.674211,0.999706
Tsym,10,53,0,0,0.671342,0.999661
Tsym,10,54,0,0,0.667191,0.9996
Tsym,10,55,0,0,0.660528,0.999514
Tsym,10,56,0.1,1,0.651683,0.999413
Tsym,10,57,0.1,1,0.642922,0.999328
Tsym,10,58,0.1,1,0.636584,0.999281
Tsym,10,59,0.1,1,0.631304,0.999257
Tsym,10,60,0.1,1,0.625741,0.999244
Tsym,10,61,0.1,1,0.618674,0.999238
Tsym,10,62,0.1,1,0.61136,0.999237
Tsym,10,63,0.1,1,0.604513,0.999236
Tsym,10,64,0.1,1,0.599839,0.999234
Tsym,10,65,0.1,1,0.597373,0.999224
Tsym,10,66,0.1,1,0.595937,0.999201
Tsym,10,67,0.1,1,0.594304,0.999136
Tsym,10,68,0.1,1,0.590965,0.998951
Tsym,10,69,0.1,1,0.586095,0.998646
Tsym,10,70,0.1,1,0.580322,0.998255
Tsym,10,71,0.1,1,0.573427,0.997759
Tsym,10,72,0.1,1,0.564879,0.997123
Tsym,10,73,0.1,1,0.557664,0.996571
Tsym,10,74,0.1,1,0.552252,0.996134
Tsym,10,75,0.1,1,0.547226,0.995707
Tsym,10,76,0.1,1,0.542179,0.995267
Tsym,10,77,0.1,1,0.537626,0.994871
Tsym,10,78,0.1,1,0.534143,0.99458
Tsym,10,79,0.1,1,0.531393,0.994372
Tsym,10,80,0.1,1,0.528304,0.994184
Tsym,10,81,0.1,1,0.523737,0.99397
Tsym,10,82,0.1,1,0.516618,0.993706
Tsym,10,83,0.1,1,0.507447,0.99343
Tsym,10,84,0.1,1,0.49672,0.993166
Tsym,10,85,0.1,1,0.485394,0.99294
Tsym,10,86,0.1,1,0.474815,0.992769
Tsym,10,87,0.1,1,0.467907,0.992683
Tsym,10,88,0.1,1,0.463091,0.992642
Tsym,10,89,0.1,1,0.458692,0.992623
Tsym,10,90,0.1,1,0.453259,0.992614
Tsym,10,91,0.1,1,0.446817,0.992612
Tsym,10,92,0.1,1,0.441062,0.992612
Tsym,10,93,0.1,1,0.436336,0.992609
Tsym,10,94,0.1,1,0.431439,0.992596
Tsym,10,95,0.1,1,0.42558,0.992567
Tsym,10,96,0.1,1,0.418962,0.992523
Tsym,10,97,0.1,1,0.409627,0.99245
Tsym,10,98,0.1,1,0.392944,0.992319
Tsym,10,99,0.1,1,0.36687,0.992137
Tsym,10,100,0.1,1,0.338793,0.991977
Tsym,10,101,0.1,1,0.313543,0.991871
Tsym,10,102,0.1,1,0.295113,0.991819
Tsym,10,103,0.2,2,0.283676,0.991801
Tsym,10,104,0.2,2,0.276656,0.991797
Tsym,10,105,0.2,2,0.272283,0.991797
Tsym,10,106,0.2,2,0.269412,0.991794
Tsym,10,107,0.2,2,0.267494,0.991779
Tsym,10,108,0.3,3,0.266319,0.991741
Tsym,10,109,0.3,3,0.265428,0.991644
Tsym,10,110,0.3,3,0.264391,0.991409
Tsym,10,111,0.4,4,0.262947,0.990929
Tsym,10,112,0.4,4,0.261073,0.990155
Tsym,10,113,0.4,4,0.258538,0.988943
Tsym,10,114,0.4,4,0.255625,0.987388
Tsym,10,115,0.5,5,0.252878,0.985732
Tsym,10,116,0.5,5,0.250095,0.983793
Tsym,10,117,0.5,5,0.246962,0.981277
Tsym,10,118,0.5,5,0.243498,0.978093
Tsym,10,119,0.5,5,0.239585,0.973995
Tsym,10,120,0.5,5,0.235234,0.96884
Tsym,10,121,0.5,5,0.231159,0.963328
Tsym,10,122,0.5,5,0.22798,0.958132
Tsym,10,123,0.5,5,0.225083,0.952182
Tsym,10,124,0.5,5,0.221874,0.943946
Tsym,10,125,0.5,5,0.218738,0.934169
Tsym,10,126,0.5,5,0.216506,0.925434
Tsym,10,127,0.5,5,0.214947,0.917275
Tsym,10,128,0.5,5,0.213609,0.90811
Tsym,10,129,0.5,5,0.21203,0.895467
Tsym,10,130,0.5,5,0.209774,0.876478
Tsym,10,131,0.5,5,0.206346,0.847598
Tsym,10,132,0.5,5,0.200803,0.80142
Tsym,10,133,0.5,5,0.191885,0.727765
Tsym,10,134,0.5,5,0.178755,0.671357
Tsym,10,135,0.5,5,0.16464,0.667985
Tsym,50,1,0,0,0.996544,0.999998
Tsym,50,2,0,0,0.994375,0.999997
Tsym,50,3,0,0,0.991345,0.999997
Tsym,50,4,0,0,0.989671,0.999997
Tsym,50,5,0,0,0.987237,0.999996
Tsym,50,6,0,0,0.984611,0.999995
Tsym,50,7,0,0,0.982265,0.999994
Tsym,50,8,0,0,0.980109,0.999994
Tsym,50,9,0,0,0.978375,0.999994
Tsym,50,10,0,0,0.976388,0.999993
Tsym,50,11,0,0,0.974077,0.999991
Tsym,50,12,0,0,0.971701,0.99999
Tsym,50,13,0,0,0.96946,0.99999
Tsym,50,14,0,0,0.967061,0.99999
Tsym,50,15,0,0,0.964522,0.999989
Tsym,50,16,0,0,0.962149,0.999988
Tsym,50,17,0,0,0.960035,0.999986
Tsym,50,18,0,0,0.957765,0.999986
Tsym,50,19,0,0,0.955066,0.999986
Tsym,50,20,0,0,0.952517,0.999986
Tsym,50,21,0,0,0.95016,0.999985
Tsym,50,22,0,0,0.94801,0.999983
Tsym,50,23,0,0,0.945569,0.999983
Tsym,50,24,0,0,0.94271,0.999983
Tsym,50,25,0,0,0.940233,0.999983
Tsym,50,26,0,0,0.937807,0.999982
Tsym,50,27,0,0,0.935039,0.99998
Tsym,50,28,0,0,0.931842,0.999979
Tsym,50,29,0,0,0.928774,0.999979
Tsym,50,30,0,0,0.925752,0.999979
Tsym,50,31,0,0,0.922231,0.999978
Tsym,50,32,0,0,0.918467,0.999977
Tsym,50,33,0,0,0.914868,0.999976
Tsym,50,34,0,0,0.911624,0.999976
Tsym,50,35,0,0,0.9093,0.999975
Tsym,50,36,0,0,0.907367,0.999974
Tsym,50,37,0,0,0.905238,0.999971
Tsym,50,38,0,0,0.90242,0.999968
Tsym,50,39,0,0,0.898829,0.999966
Tsym,50,40,0,0,0.894852,0.999966
Tsym,50,41,0,0,0.890961,0.999966
Tsym,50,42,0,0,0.887108,0.999963
Tsym,50,43,0,0,0.883673,0.999959
Tsym,50,44,0,0,0.879984,0.999956
Tsym,50,45,0,0,0.876223,0.999955
Tsym,50,46,0,0,0.873492,0.999955
Tsym,50,47,0,0,0.871219,0.999953
Tsym,50,48,0,0,0.868859,0.999948
Tsym,50,49,0,0,0.866647,0.999942
Tsym,50,50,0,0,0.864055,0.999938
Tsym,50,51,0,0,0.861162,0.999936
Tsym,50,52,0,0,0.858278,0.999936
Tsym,50,53,0,0,0.855847,0.999934
Tsym,50,54,0,0,0.853811,0.99993
Tsym,50,55,0,0,0.851212,0.999924
Tsym,50,56,0.02,1,0.847715,0.999921
Tsym,50,57,0.02,1,0.844081,0.999921
Tsym,50,58,0.02,1,0.841435,0.999919
Tsym,50,59,0.02,1,0.839289,0.999911
Tsym,50,60,0.02,1,0.837037,0.999899
Tsym,50,61,0.02,1,0.833991,0.999888
Tsym,50,62,0.02,1,0.830445,0.999886
Tsym,50,63,0.02,1,0.826431,0.999885
Tsym,50,64,0.02,1,0.823021,0.999878
Tsym,50,65,0.02,1,0.820772,0.999865
Tsym,50,66,0.02,1,0.819194,0.99985
Tsym,50,67,0.02,1,0.817402,0.999835
Tsym,50,68,0.02,1,0.814398,0.999822
Tsym,50,69,0.02,1,0.811233,0.999818
Tsym,50,70,0.02,1,0.808638,0.999818
Tsym,50,71,0.02,1,0.806037,0.999808
Tsym,50,72,0.02,1,0.802709,0.999789
Tsym,50,73,0.02,1,0.799839,0.999775
Tsym,50,74,0.02,1,0.797576,0.999773
Tsym,50,75,0.02,1,0.794924,0.999772
Tsym,50,76,0.02,1,0.791268,0.999762
Tsym,50,77,0.02,1,0.787067,0.999745
Tsym,50,78,0.02,1,0.783499,0.999734
Tsym,50,79,0.02,1,0.780873,0.999732
Tsym,50,80,0.02,1,0.778492,0.999732
Tsym,50,81,0.02,1,0.775764,0.999724
Tsym,50,82,0.02,1,0.772486,0.999708
Tsym,50,83,0.02,1,0.769125,0.999695
Tsym,50,84,0.02,1,0.76553,0.999692
Tsym,50,85,0.02,1,0.761325,0.999692
Tsym,50,86,0.02,1,0.756818,0.999684
Tsym,50,87,0.02,1,0.75362,0.99967
Tsym,50,88,0.02,1,0.751291,0.999657
Tsym,50,89,0.02,1,0.748954,0.999648
Tsym,50,90,0.02,1,0.745633,0.999645
Tsym,50,91,0.02,1,0.74141,0.999645
Tsym,50,92,0.02,1,0.737609,0.999641
Tsym,50,93,0.02,1,0.73444,0.999633
Tsym,50,94,0.02,1,0.73101,0.999622
Tsym,50,95,0.02,1,0.727205,0.999616
Tsym,50,96,0.02,1,0.724018,0.999615
Tsym,50,97,0.02,1,0.721004,0.999613
Tsym,50,98,0.02,1,0.716667,0.999603
Tsym,50,99,0.02,1,0.71015,0.99959
Tsym,50,100,0.02,1,0.702937,0.999586
Tsym,50,101,0.02,1,0.695956,0.999586
Tsym,50,102,0.02,1,0.690301,0.999579
Tsym,50,103,0.04,2,0.68608,0.99956
Tsym,50,104,0.04,2,0.68255,0.999533
Tsym,50,105,0.04,2,0.679228,0.999507
Tsym,50,106,0.04,2,0.675891,0.99949
Tsym,50,107,0.04,2,0.672764,0.999485
Tsym,50,108,0.06,3,0.670277,0.999485
Tsym,50,109,0.06,3,0.668069,0.999477
Tsym,50,110,0.06,3,0.665584,0.999454
Tsym,50,111,0.08,4,0.662706,0.999422
Tsym,50,112,0.08,4,0.659722,0.999403
Tsym,50,113,0.08,4,0.656284,0.999399
Tsym,50,114,0.08,4,0.652691,0.999397
Tsym,50,115,0.1,5,0.649628,0.999381
Tsym,50,116,0.1,5,0.646925,0.99935
Tsym,50,117,0.1,5,0.644322,0.999317
Tsym,50,118,0.1,5,0.641774,0.999302
Tsym,50,119,0.1,5,0.638913,0.999301
Tsym,50,120,0.1,5,0.635516,0.999295
Tsym,50,121,0.1,5,0.632197,0.999274
Tsym,50,122,0.1,5,0.629512,0.999247
Tsym,50,123,0.1,5,0.626683,0.999228
Tsym,50,124,0.1,5,0.622701,0.999221
Tsym,50,125,0.1,5,0.617954,0.999221
Tsym,50,126,0.1,5,0.614026,0.999214
Tsym,50,127,0.1,5,0.610891,0.999192
Tsym,50,128,0.1,5,0.607986,0.999162
Tsym,50,129,0.1,5,0.604864,0.999139
Tsym,50,130,0.1,5,0.601642,0.999129
Tsym,50,131,0.1,5,0.598718,0.999129
Tsym,50,132,0.1,5,0.595996,0.999123
Tsym,50,133,0.1,5,0.592904,0.999102
Tsym,50,134,0.1,5,0.588693,0.999078
Tsym,50,135,0.1,5,0.583982,0.999071
Tsym,500,1,0,0,0.999105,1
Tsym,500,2,0,0,0.998784,1
Tsym,500,3,0,0,0.998069,1
Tsym,500,4,0,0,0.997686,1
Tsym,500,5,0,0,0.996996,1
Tsym,500,6,0,0,0.996432,1
Tsym,500,7,0,0,0.995901,1
Tsym,500,8,0,0,0.99528,1
Tsym,500,9,0,0,0.99479,1
Tsym,500,10,0,0,0.99421,1
Tsym,500,11,0,0,0.993685,1
Tsym,500,12,0,0,0.993119,1
Tsym,500,13,0,0,0.992581,1
Tsym,500,14,0,0,0.991991,1
Tsym,500,15,0,0,0.991432,1
Tsym,500,16,0,0,0.990836,1
Tsym,500,17,0,0,0.990292,1
Tsym,500,18,0,0,0.989715,1
Tsym,500,19,0,0,0.989126,1
Tsym,500,20,0,0,0.98855,1
Tsym,500,21,0,0,0.987962,1
Tsym,500,22,0,0,0.987396,1
Tsym,500,23,0,0,0.986825,1
Tsym,500,24,0,0,0.986206,1
Tsym,500,25,0,0,0.985623,1
Tsym,500,26,0,0,0.985017,1
Tsym,500,27,0,0,0.9844,1
Tsym,500,28,0,0,0.983767,1
Tsym,500,29,0,0,0.98311,1
Tsym,500,30,0,0,0.982464,1
Tsym,500,31,0,0,0.981763,1
Tsym,500,32,0,0,0.981068,1
Tsym,500,33,0,0,0.980389,1
Tsym,500,34,0,0,0.9797,1
Tsym,500,35,0,0,0.979072,1
Tsym,500,36,0,0,0.978477,1
Tsym,500,37,0,0,0.97786,1
Tsym,500,38,0,0,0.977218,0.999999
Tsym,500,39,0,0,0.976527,0.999999
Tsym,500,40,0,0,0.975798,0.999999
Tsym,500,41,0,0,0.97507,0.999999
Tsym,500,42,0,0,0.974289,0.999999
Tsym,500,43,0,0,0.973592,0.999999
Tsym,500,44,0,0,0.972864,0.999999
Tsym,500,45,0,0,0.972132,0.999999
Tsym,500,46,0,0,0.971479,0.999999
Tsym,500,47,0,0,0.970868,0.999999
Tsym,500,48,0,0,0.970203,0.999999
Tsym,500,49,0,0,0.96959,0.999999
Tsym,500,50,0,0,0.968926,0.999999
Tsym,500,51,0,0,0.968286,0.999999
Tsym,500,52,0,0,0.967627,0.999999
Tsym,500,53,0,0,0.966977,0.999999
Tsym,500,54,0,0,0.966381,0.999999
Tsym,500,55,0,0,0.965744,0.999999
Tsym,500,56,0.002,1,0.96508,0.999999
Tsym,500,57,0.002,1,0.964365,0.999999
Tsym,500,58,0.002,1,0.963717,0.999999
Tsym,500,59,0.002,1,0.963059,0.999999
Tsym,500,60,0.002,1,0.962422,0.999999
Tsym,500,61,0.002,1,0.961712,0.999999
Tsym,500,62,0.002,1,0.961035,0.999999
Tsym,500,63,0.002,1,0.960289,0.999999
Tsym,500,64,0.002,1,0.959553,0.999999
Tsym,500,65,0.002,1,0.958859,0.999999
Tsym,500,66,0.002,1,0.95823,0.999999
Tsym,500,67,0.002,1,0.957669,0.999999
Tsym,500,68,0.002,1,0.957012,0.999999
Tsym,500,69,0.002,1,0.95635,0.999999
Tsym,500,70,0.002,1,0.955701,0.999999
Tsym,500,71,0.002,1,0.955089,0.999999
Tsym,500,72,0.002,1,0.954423,0.999999
Tsym,500,73,0.002,1,0.953788,0.999999
Tsym,500,74,0.002,1,0.953161,0.999999
Tsym,500,75,0.002,1,0.952514,0.999999
Tsym,500,76,0.002,1,0.951796,0.999999
Tsym,500,77,0.002,1,0.951049,0.999999
Tsym,500,78,0.002,1,0.950313,0.999999
Tsym,500,79,0.002,1,0.949642,0.999999
Tsym,500,80,0.002,1,0.948985,0.999999
Tsym,500,81,0.002,1,0.948341,0.999999
Tsym,500,82,0.002,1,0.947651,0.999999
Tsym,500,83,0.002,1,0.946957,0.999999
Tsym,500,84,0.002,1,0.946201,0.999999
Tsym,500,85,0.002,1,0.945446,0.999999
Tsym,500,86,0.002,1,0.94464,0.999999
Tsym,500,87,0.002,1,0.943935,0.999999
Tsym,500,88,0.002,1,0.943275,0.999999
Tsym,500,89,0.002,1,0.942622,0.999999
Tsym,500,90,0.002,1,0.941927,0.999999
Tsym,500,91,0.002,1,0.941178,0.999998
Tsym,500,92,0.002,1,0.940428,0.999998
Tsym,500,93,0.002,1,0.939703,0.999998
Tsym,500,94,0.002,1,0.938998,0.999998
Tsym,500,95,0.002,1,0.938247,0.999998
Tsym,500,96,0.002,1,0.937539,0.999998
Tsym,500,97,0.002,1,0.93682,0.999998
Tsym,500,98,0.002,1,0.936006,0.999998
Tsym,500,99,0.002,1,0.935006,0.999998
Tsym,500,100,0.002,1,0.933942,0.999998
Tsym,500,101,0.002,1,0.932871,0.999998
Tsym,500,102,0.002,1,0.931894,0.999998
Tsym,500,103,0.004,2,0.931031,0.999998
Tsym,500,104,0.004,2,0.930234,0.999998
Tsym,500,105,0.004,2,0.929486,0.999998
Tsym,500,106,0.004,2,0.928753,0.999998
Tsym,500,107,0.004,2,0.928022,0.999998
Tsym,500,108,0.006,3,0.927339,0.999998
Tsym,500,109,0.006,3,0.926696,0.999998
Tsym,500,110,0.006,3,0.926033,0.999998
Tsym,500,111,0.008,4,0.925333,0.999998
Tsym,500,112,0.008,4,0.924656,0.999998
Tsym,500,113,0.008,4,0.923937,0.999998
Tsym,500,114,0.008,4,0.923199,0.999998
Tsym,500,115,0.01,5,0.92249,0.999998
Tsym,500,116,0.01,5,0.921807,0.999998
Tsym,500,117,0.01,5,0.921126,0.999998
Tsym,500,118,0.01,5,0.920462,0.999998
Tsym,500,119,0.01,5,0.919784,0.999998
Tsym,500,120,0.01,5,0.919087,0.999998
Tsym,500,121,0.01,5,0.918352,0.999998
Tsym,500,122,0.01,5,0.917644,0.999998
Tsym,500,123,0.01,5,0.916919,0.999998
Tsym,500,124,0.01,5,0.916141,0.999998
Tsym,500,125,0.01,5,0.915309,0.999998
Tsym,500,126,0.01,5,0.914514,0.999998
Tsym,500,127,0.01,5,0.913747,0.999998
Tsym,500,128,0.01,5,0.913012,0.999998
Tsym,500,129,0.01,5,0.912283,0.999998
Tsym,500,130,0.01,5,0.911552,0.999998
Tsym,500,131,0.01,5,0.910842,0.999998
Tsym,500,132,0.01,5,0.910126,0.999998
Tsym,500,133,0.01,5,0.909423,0.999998
Tsym,500,134,0.01,5,0.908629,0.999998
Tsym,500,135,0.01,5,0.90777,0.999998
