case_name,geometry,timestep,minres_unprec_its,minres_unprec_flag,block_jacobi_its,block_jacobi_flag,ildl_nofill_its,ildl_nofill_flag,two_level_sjlt_its,two_level_sjlt_flag,two_level_gaussian_its,two_level_gaussian_flag,two_level_polynomial_its,two_level_polynomial_flag,two_level_exact_its,two_level_exact_flag,relres,diffF,backslash_relres,constraint_res,nC
bar_rotating,stokes_immersed_rotor,1,1487,0,406,0,321,0,241,0,277,0,517,0,56,0,7.83584966108344e-09,NaN,2.87627710317351e-15,6.33970199181162e-17,20
bar_rotating,stokes_immersed_rotor,2,1525,0,422,0,313,0,969,0,815,0,922,0,647,0,9.65114057904225e-09,1.04904186856533,1.62866207714783e-15,4.95862256720431e-17,20
bar_rotating,stokes_immersed_rotor,3,1480,0,402,0,312,0,1247,0,1000,0,1042,0,1053,0,9.73088625142773e-09,1.04121612851369,1.67307769235461e-15,7.31714412923332e-17,20
bar_rotating,stokes_immersed_rotor,4,1465,0,413,0,315,0,852,0,870,0,903,0,730,0,9.45400376301449e-09,1.02274286180724,1.9217585418133e-15,8.42611944657593e-17,20
bar_rotating,stokes_immersed_rotor,5,1508,0,420,0,310,0,894,0,895,0,963,0,759,0,8.85414411997174e-09,1.08719448443368,2.09973041694322e-15,1.43987613113038e-16,20
bar_rotating,stokes_immersed_rotor,6,1490,0,409,0,306,0,886,0,921,0,885,0,760,0,9.98827566746221e-09,1.14491841817165,2.01347615442968e-15,7.20695496669533e-17,20
bar_rotating,stokes_immersed_rotor,7,1489,0,416,0,311,0,840,0,810,0,833,0,660,0,8.99373599611485e-09,1.13478189645471,1.93208040389204e-15,6.93234558726167e-17,20
bar_rotating,stokes_immersed_rotor,8,1484,0,403,0,312,0,1074,0,941,0,981,0,977,0,9.98472669322359e-09,1.15676263629026,2.06374853888518e-15,3.13161081100768e-17,20
bar_rotating,stokes_immersed_rotor,9,1488,0,405,0,313,0,1187,0,997,0,937,0,1024,0,9.81526409756882e-09,1.03205802183833,1.84687684202303e-15,9.80103421323244e-17,20
bar_rotating,stokes_immersed_rotor,10,1499,0,415,0,314,0,912,0,854,0,838,0,700,0,9.24105837011139e-09,1.0283135469895,1.99090016492476e-15,9.21773299157435e-17,20
bar_rotating,stokes_immersed_rotor,11,1505,0,409,0,311,0,902,0,834,0,863,0,640,0,9.28740313610565e-09,0.994398100138385,1.70493095613706e-15,9.82882810837347e-17,20
bar_rotating,stokes_immersed_rotor,12,1494,0,419,0,307,0,984,0,1192,0,960,0,917,0,9.9231471979051e-09,1.07601402183489,1.56415692045872e-15,7.81704020201828e-17,20
bar_rotating,stokes_immersed_rotor,13,1510,0,418,0,312,0,825,0,887,0,901,0,710,0,9.47232408881117e-09,0.942788804036011,1.65667822420031e-15,3.49588665491231e-17,20
bar_rotating,stokes_immersed_rotor,14,1493,0,417,0,310,0,1157,0,953,0,1014,0,863,0,9.49517520213478e-09,1.12849842697576,1.45602245786589e-15,1.90716252584781e-18,20
bar_rotating,stokes_immersed_rotor,15,1507,0,420,0,305,0,984,0,1209,0,1010,0,1010,0,9.76561969802499e-09,1.07383444174143,1.54680419585752e-15,6.14153714415059e-17,20
bar_rotating,stokes_immersed_rotor,16,1479,0,407,0,315,0,866,0,749,0,879,0,628,0,9.89800081358806e-09,1.12010104118996,1.47349752583667e-15,6.97354179689031e-17,20
bar_rotating,stokes_immersed_rotor,17,1495,0,415,0,304,0,950,0,839,0,1020,0,709,0,9.44756167990327e-09,1.05103477410638,1.73700406663979e-15,7.23717293975861e-17,20
bar_rotating,stokes_immersed_rotor,18,1483,0,411,0,319,0,1136,0,1049,0,1038,0,1278,0,9.60639332407119e-09,1.05074043734994,1.57194082450585e-15,5.3536603302774e-17,20
bar_rotating,stokes_immersed_rotor,19,1456,0,418,0,311,0,992,0,1101,0,1136,0,956,0,9.24118759609015e-09,1.03469387417191,1.68401678150433e-15,6.33683269906822e-17,20
bar_rotating,stokes_immersed_rotor,20,1507,0,412,0,310,0,837,0,858,0,826,0,689,0,9.04061619552717e-09,1.06764773899998,2.08860639055658e-15,3.43289254652606e-17,20
bar_rotating,stokes_immersed_rotor,21,1502,0,424,0,315,0,807,0,817,0,865,0,664,0,9.91090481052116e-09,1.15195088795185,2.03403536141594e-15,7.05392362816437e-17,20
bar_rotating,stokes_immersed_rotor,22,1506,0,426,0,309,0,825,0,762,0,1052,0,702,0,8.95905877174488e-09,1.07959065267955,2.00343877450631e-15,9.36065210340374e-17,20
bar_rotating,stokes_immersed_rotor,23,1505,0,424,0,315,0,843,0,813,0,862,0,648,0,9.99637271412832e-09,1.00556682239833,2.3160410223523e-15,6.12485772221335e-17,20
bar_rotating,stokes_immersed_rotor,24,1495,0,414,0,320,0,1084,0,1252,0,1065,0,930,0,9.46280973857582e-09,1.03381827258202,2.09506321121009e-15,3.68334263909744e-17,20
bar_rotating,stokes_immersed_rotor,25,1472,0,410,0,309,0,842,0,819,0,828,0,623,0,9.39136604342042e-09,1.06093504016257,1.68762036584407e-15,5.31274003354071e-17,20
bar_rotating,stokes_immersed_rotor,26,1507,0,407,0,306,0,1088,0,1059,0,966,0,972,0,9.66827803681764e-09,1.01487921940057,1.83516750274926e-15,9.16232318857825e-17,20
bar_rotating,stokes_immersed_rotor,27,1495,0,412,0,309,0,856,0,787,0,980,0,669,0,9.94114737727693e-09,1.03055032516416,1.66143329797981e-15,1.00339226203888e-16,20
bar_rotating,stokes_immersed_rotor,28,1483,0,404,0,310,0,939,0,893,0,977,0,771,0,9.8932496565201e-09,1.01546107298331,1.83555437182532e-15,8.80605319924663e-17,20
bar_rotating,stokes_immersed_rotor,29,1509,0,412,0,303,0,834,0,804,0,773,0,730,0,8.97088015011966e-09,1.17916619143854,1.44589365822609e-15,9.85838856040642e-17,20
bar_rotating,stokes_immersed_rotor,30,1490,0,413,0,320,0,994,0,1086,0,967,0,926,0,9.82009232945238e-09,1.11046530618762,1.53091663088189e-15,1.06741485980121e-16,20
bar_rotating,stokes_immersed_rotor,31,1479,0,417,0,313,0,1109,0,1097,0,1013,0,910,0,8.92486637973617e-09,1.18676160643247,1.76749327046292e-15,1.10211884529501e-16,20
bar_rotating,stokes_immersed_rotor,32,1493,0,414,0,306,0,1040,0,1057,0,986,0,875,0,9.02809165238667e-09,1.09684289007761,1.57895875765344e-15,5.39427021940741e-18,20
bar_rotating,stokes_immersed_rotor,33,1477,0,406,0,306,0,1241,0,1028,0,943,0,1011,0,9.64565034812008e-09,1.12729497025945,1.60448077135743e-15,1.22177541166913e-16,20
bar_rotating,stokes_immersed_rotor,34,1499,0,422,0,311,0,948,0,833,0,863,0,643,0,9.35482914660855e-09,0.914053453382834,2.00578472988753e-15,8.76465168548997e-17,20
bar_rotating,stokes_immersed_rotor,35,1486,0,407,0,316,0,846,0,890,0,968,0,851,0,9.83635940192521e-09,1.07156339366439,1.83743694142476e-15,1.15505421193957e-16,20
bar_rotating,stokes_immersed_rotor,36,1508,0,425,0,355,0,1009,0,860,0,990,0,661,0,9.59168313381776e-09,1.02379401218281,1.99362035197051e-15,5.51430575902217e-17,20
bar_rotating,stokes_immersed_rotor,37,1501,0,421,0,310,0,782,0,842,0,831,0,704,0,8.88950195777547e-09,1.09254649360217,2.10052101653246e-15,7.8286640600405e-17,20
bar_rotating,stokes_immersed_rotor,38,1519,0,419,0,319,0,804,0,837,0,927,0,611,0,9.44461302344655e-09,0.977772075415,2.4732023409975e-15,9.22019887883164e-17,20
bar_rotating,stokes_immersed_rotor,39,1484,0,406,0,311,0,874,0,855,0,847,0,661,0,9.5480443254902e-09,1.09938590095002,1.85090920872365e-15,3.5218016623589e-17,20
bar_rotating,stokes_immersed_rotor,40,1489,0,404,0,310,0,1107,0,868,0,843,0,725,0,9.93205626493324e-09,1.0373337354845,1.79081640408171e-15,8.14516941112752e-17,20
bar_rotating,stokes_immersed_rotor,41,1501,0,412,0,312,0,851,0,921,0,886,0,669,0,9.58460037487795e-09,1.14728742784363,1.83223908535377e-15,6.31383141554955e-17,20
bar_rotating,stokes_immersed_rotor,42,1461,0,411,0,311,0,1022,0,1053,0,943,0,960,0,9.87176947727625e-09,1.12713714093579,1.75089400496453e-15,4.88471943759191e-17,20
bar_rotating,stokes_immersed_rotor,43,1485,0,407,0,303,0,1013,0,991,0,957,0,914,0,9.97704005469322e-09,1.07577452934485,1.58885109336027e-15,6.83392512952674e-17,20
bar_rotating,stokes_immersed_rotor,44,1505,0,416,0,312,0,1038,0,1107,0,969,0,919,0,9.29764505389157e-09,1.06953121180091,1.61892911924271e-15,7.6856520176216e-17,20
bar_rotating,stokes_immersed_rotor,45,1498,0,418,0,313,0,831,0,894,0,869,0,672,0,9.96849629438115e-09,1.10021601097748,1.45680426802168e-15,6.21219953228975e-17,20
bar_rotating,stokes_immersed_rotor,46,1474,0,417,0,307,0,807,0,845,0,897,0,672,0,8.99478140788445e-09,1.0718717976216,1.80514982729771e-15,8.64267686816928e-17,20
bar_rotating,stokes_immersed_rotor,47,1496,0,410,0,308,0,1052,0,952,0,983,0,986,0,9.67118704979689e-09,1.09597598849486,1.43565825462966e-15,6.15337056002492e-17,20
bar_rotating,stokes_immersed_rotor,48,1497,0,411,0,307,0,1147,0,1061,0,960,0,882,0,9.49789531588427e-09,1.10324686458945,1.56629261551375e-15,8.57162947052449e-17,20
bar_rotating,stokes_immersed_rotor,49,1500,0,421,0,312,0,887,0,811,0,954,0,780,0,9.60680688485891e-09,0.909305557012899,1.93228004397195e-15,7.16646613527021e-17,20
bar_rotating,stokes_immersed_rotor,50,1496,0,413,0,314,0,809,0,819,0,862,0,713,0,9.72476247643917e-09,1.05002405793052,1.8199084277722e-15,3.14537301571612e-17,20
bar_rotating,stokes_immersed_rotor,51,1513,0,429,0,308,0,976,0,1030,0,981,0,1014,0,9.9747505174709e-09,0.991796073518912,2.07508274609818e-15,9.74707462103134e-17,20
bar_rotating,stokes_immersed_rotor,52,1491,0,408,0,301,0,867,0,813,0,888,0,601,0,9.88659100373046e-09,1.09247745530053,1.81346375477684e-15,7.78440106070918e-17,20
bar_rotating,stokes_immersed_rotor,53,1509,0,416,0,320,0,801,0,783,0,922,0,589,0,9.62603632019618e-09,1.04781739904623,2.1590251684521e-15,6.21073559930553e-17,20
bar_rotating,stokes_immersed_rotor,54,1461,0,401,0,315,0,840,0,781,0,950,0,683,0,9.24380045222185e-09,1.22298445530825,1.90681870825644e-15,3.15114964687416e-17,20
bar_rotating,stokes_immersed_rotor,55,1476,0,404,0,316,0,815,0,811,0,837,0,643,0,9.68067431541743e-09,1.06630163284794,1.98920459390882e-15,1.31966827245302e-16,20
bar_rotating,stokes_immersed_rotor,56,1511,0,409,0,333,0,867,0,890,0,878,0,569,0,9.64326421941194e-09,1.11672963517871,1.90829005571632e-15,1.06801101447478e-16,20
bar_rotating,stokes_immersed_rotor,57,1472,0,409,0,317,0,989,0,1050,0,1033,0,935,0,9.78136384777604e-09,1.06921010613843,1.7185595079515e-15,8.89645835509621e-17,20
bar_rotating,stokes_immersed_rotor,58,1470,0,401,0,301,0,963,0,846,0,925,0,701,0,8.82029560903298e-09,1.1611996446914,1.8072392040642e-15,1.2765173195845e-16,20
bar_rotating,stokes_immersed_rotor,59,1537,0,429,0,311,0,959,0,845,0,883,0,823,0,9.68881013607156e-09,0.971039705396765,1.56529747971986e-15,4.67157504488468e-17,20
bar_rotating,stokes_immersed_rotor,60,1493,0,424,0,314,0,732,0,811,0,813,0,551,0,9.68303031358501e-09,1.12000295328893,1.62066355646007e-15,3.0514600413565e-17,20
disk_translating,stokes_immersed_rotor,1,2080,0,483,0,334,0,260,0,257,0,698,0,60,0,5.29313602454117e-09,NaN,1.61202120843222e-15,1.09153912027955e-16,44
disk_translating,stokes_immersed_rotor,2,2060,0,495,0,344,0,673,0,630,0,715,0,362,0,9.83979961216844e-09,1.24736177174985,9.82514751395913e-16,5.83464556294929e-17,44
disk_translating,stokes_immersed_rotor,3,2071,0,491,0,350,0,708,0,740,0,820,0,530,0,9.24517737427599e-09,1.20718587842961,9.98555180196459e-16,9.22489956849445e-17,44
disk_translating,stokes_immersed_rotor,4,2053,0,483,0,331,0,606,0,838,0,776,0,408,0,9.85297522552896e-09,1.20488619664506,9.34233177762597e-16,4.12950292655946e-17,44
disk_translating,stokes_immersed_rotor,5,2089,0,491,0,342,0,677,0,730,0,797,0,519,0,9.88116046326799e-09,1.17996654693452,1.19488479755188e-15,4.12632075883904e-17,44
disk_translating,stokes_immersed_rotor,6,2040,0,491,0,328,0,757,0,841,0,827,0,585,0,9.24796168681941e-09,1.23437989009675,1.00867765860101e-15,7.1455659601576e-17,44
disk_translating,stokes_immersed_rotor,7,2081,0,496,0,323,0,954,0,946,0,903,0,655,0,9.82772355255703e-09,1.2481618490209,1.13746268114671e-15,4.1257136785262e-17,44
disk_translating,stokes_immersed_rotor,8,2094,0,487,0,324,0,746,0,710,0,840,0,589,0,9.21848065664188e-09,1.23038131364942,1.03146386898456e-15,9.22553414872342e-17,44
disk_translating,stokes_immersed_rotor,9,2083,0,474,0,333,0,823,0,922,0,946,0,729,0,9.77166045326289e-09,1.22809823172731,1.15985723624255e-15,9.22495779533611e-17,44
disk_translating,stokes_immersed_rotor,10,2085,0,493,0,348,0,691,0,713,0,794,0,470,0,9.4668539927577e-09,1.18701995369092,9.82177227584183e-16,9.22601180899792e-17,44
disk_translating,stokes_immersed_rotor,11,2057,0,493,0,342,0,732,0,743,0,844,0,523,0,9.29568434791245e-09,1.21042424923132,1.17383874834854e-15,1.48497595259271e-18,44
disk_translating,stokes_immersed_rotor,12,2072,0,496,0,336,0,723,0,763,0,890,0,521,0,9.00767082677051e-09,1.22558695729758,1.11809563373158e-15,9.22521323369516e-17,44
disk_translating,stokes_immersed_rotor,13,2035,0,494,0,334,0,803,0,656,0,850,0,489,0,9.73455994278723e-09,1.24312898271484,1.10119877971116e-15,8.25104940982087e-17,44
disk_translating,stokes_immersed_rotor,14,2038,0,486,0,331,0,699,0,717,0,812,0,451,0,8.60454687421144e-09,1.25376687066091,9.97471477833068e-16,8.25125468469108e-17,44
disk_translating,stokes_immersed_rotor,15,2029,0,486,0,335,0,914,0,814,0,848,0,699,0,9.90994227909058e-09,1.23237313458548,9.9090629660856e-16,7.1457240215751e-17,44
disk_translating,stokes_immersed_rotor,16,2012,0,491,0,336,0,795,0,992,0,852,0,723,0,9.50883298718219e-09,1.21919537723189,1.0256380451017e-15,8.25095057120378e-17,44
disk_translating,stokes_immersed_rotor,17,2065,0,491,0,342,0,1026,0,1023,0,995,0,811,0,9.85005487464592e-09,1.18964983681557,1.02082242195653e-15,9.22467340536687e-17,44
disk_translating,stokes_immersed_rotor,18,2074,0,478,0,326,0,1007,0,1143,0,1129,0,917,0,9.76466838798262e-09,1.21420801999906,1.23443611879465e-15,1.01051270370238e-16,44
disk_translating,stokes_immersed_rotor,19,2075,0,487,0,331,0,844,0,901,0,934,0,645,0,9.02135414327457e-09,1.24228406593765,1.03159729100108e-15,5.8344824032587e-17,44
disk_translating,stokes_immersed_rotor,20,2073,0,481,0,342,0,1071,0,1078,0,1028,0,920,0,9.729862428862e-09,1.246007832911,1.01654141320424e-15,5.83442560007123e-17,44
disk_translating,stokes_immersed_rotor,21,2078,0,494,0,324,0,1113,0,1137,0,972,0,890,0,9.92565947111588e-09,1.22226113084973,9.74551988061914e-16,7.14543069249976e-17,44
disk_translating,stokes_immersed_rotor,22,1990,0,470,0,347,0,954,0,1001,0,997,0,1060,0,9.89436487997373e-09,1.19647539097343,1.03995695935771e-15,7.14597531478528e-17,44
disk_translating,stokes_immersed_rotor,23,2067,0,476,0,351,0,960,0,992,0,974,0,919,0,9.9587338635255e-09,1.19532712444708,1.20755026836119e-15,4.12541064443281e-17,44
disk_translating,stokes_immersed_rotor,24,2064,0,483,0,337,0,1188,0,1068,0,1024,0,957,0,9.89770995945428e-09,1.19568383083709,1.08357450498775e-15,7.14689357081401e-17,44
disk_translating,stokes_immersed_rotor,25,1970,0,496,0,317,0,1093,0,998,0,1021,0,882,0,9.79432760094466e-09,1.23980724178506,1.21235182491969e-15,7.14645578196616e-17,44
disk_translating,stokes_immersed_rotor,26,1988,0,482,0,330,0,1066,0,969,0,1043,0,974,0,9.94917815873394e-09,1.24832834991601,1.0596780346558e-15,4.12942351522853e-17,44
disk_translating,stokes_immersed_rotor,27,2008,0,481,0,327,0,1041,0,1120,0,1071,0,971,0,9.14210681452401e-09,1.24620252970337,1.19849536932981e-15,7.14566980619305e-17,44
disk_translating,stokes_immersed_rotor,28,2016,0,480,0,334,0,1071,0,1045,0,1073,0,1097,0,9.98813932915203e-09,1.22554414312549,1.03030733880892e-15,8.25126343197921e-17,44
disk_translating,stokes_immersed_rotor,29,2052,0,492,0,336,0,1013,0,1056,0,1130,0,1001,0,9.77046950170403e-09,1.21497698979059,1.22620927088807e-15,9.22480493509924e-17,44
disk_translating,stokes_immersed_rotor,30,2080,0,497,0,376,0,1048,0,1113,0,1085,0,956,0,9.61076713423328e-09,1.21464986206021,1.1781825279675e-15,5.83565294487123e-17,44
disk_translating,stokes_immersed_rotor,31,2064,0,493,0,329,0,1158,0,1230,0,1047,0,972,0,9.77500024713406e-09,1.24025041915771,1.10521399721549e-15,6.7780080409959e-19,44
disk_translating,stokes_immersed_rotor,32,2070,0,484,0,328,0,1022,0,1231,0,1075,0,923,0,9.52543690755761e-09,1.26087407731107,1.08134492310637e-15,9.22503534471891e-17,44
disk_translating,stokes_immersed_rotor,33,2035,0,478,0,339,0,1172,0,1001,0,1000,0,986,0,9.96959342161336e-09,1.2542622407756,1.05415795173158e-15,5.83501098911442e-17,44
disk_translating,stokes_immersed_rotor,34,2040,0,485,0,332,0,992,0,1114,0,990,0,939,0,9.9617947525611e-09,1.21768092507791,1.08360850822185e-15,9.97529048447761e-19,44
disk_translating,stokes_immersed_rotor,35,2033,0,490,0,344,0,1050,0,1046,0,999,0,808,0,9.88022790318327e-09,1.20624818655751,1.18242889240087e-15,9.22535870427327e-17,44
disk_translating,stokes_immersed_rotor,36,2055,0,494,0,327,0,970,0,1054,0,1000,0,1066,0,9.86260275005902e-09,1.2057967741602,1.07207403862625e-15,8.25148138641463e-17,44
disk_translating,stokes_immersed_rotor,37,2021,0,489,0,340,0,1184,0,1165,0,990,0,872,0,9.46841458841869e-09,1.23132659776902,1.09212026342933e-15,5.83525935805644e-17,44
disk_translating,stokes_immersed_rotor,38,2011,0,475,0,335,0,1210,0,1055,0,1151,0,954,0,9.55136014277613e-09,1.26425777014238,1.11564720049874e-15,5.83561844512949e-17,44
disk_translating,stokes_immersed_rotor,39,2024,0,472,0,333,0,1024,0,1006,0,1091,0,866,0,9.38699579943483e-09,1.27789557909604,1.11276349166861e-15,4.12716299377739e-17,44
disk_translating,stokes_immersed_rotor,40,2033,0,462,0,316,0,998,0,1074,0,1047,0,857,0,9.96591083257525e-09,1.23000991421566,1.07706509139246e-15,8.25132640448454e-17,44
disk_translating,stokes_immersed_rotor,41,2074,0,472,0,365,0,1119,0,1126,0,990,0,893,0,9.71040550359431e-09,1.19831956747614,1.19603663498293e-15,8.25103698593479e-17,44
disk_translating,stokes_immersed_rotor,42,2082,0,473,0,327,0,1052,0,1025,0,983,0,943,0,9.89691905495254e-09,1.20652957143337,1.10040463783179e-15,4.12821948441277e-17,44
disk_translating,stokes_immersed_rotor,43,2064,0,487,0,351,0,1051,0,1068,0,1031,0,990,0,9.78068240510709e-09,1.23857900700601,1.12731593123212e-15,8.60227618708789e-19,44
disk_translating,stokes_immersed_rotor,44,2043,0,484,0,317,0,1114,0,995,0,994,0,843,0,9.7833162328358e-09,1.26286744321729,1.06214808433199e-15,7.14542372407404e-17,44
disk_translating,stokes_immersed_rotor,45,2055,0,488,0,332,0,1070,0,987,0,992,0,988,0,9.93684263386929e-09,1.23703884051286,1.21287071453129e-15,7.14691579811212e-17,44
disk_translating,stokes_immersed_rotor,46,2056,0,470,0,341,0,1154,0,1125,0,967,0,987,0,9.5590303385282e-09,1.18895285064366,1.26221007554724e-15,5.83471892518952e-17,44
disk_translating,stokes_immersed_rotor,47,2030,0,475,0,325,0,1077,0,985,0,969,0,870,0,9.67505496947152e-09,1.20005866693948,1.23718453055425e-15,8.25139347711186e-17,44
disk_translating,stokes_immersed_rotor,48,2090,0,493,0,349,0,1016,0,1031,0,1037,0,896,0,9.54339892376681e-09,1.20409147665263,1.17184298506542e-15,5.83505729018348e-17,44
disk_translating,stokes_immersed_rotor,49,1975,0,487,0,328,0,1115,0,1008,0,1034,0,946,0,9.44419633855296e-09,1.2488156735308,1.20841265413141e-15,8.25225581833789e-17,44
disk_translating,stokes_immersed_rotor,50,2001,0,487,0,327,0,1106,0,1007,0,1032,0,934,0,9.53913571353052e-09,1.25873340707826,1.20359259558854e-15,4.12629084511132e-17,44
disk_translating,stokes_immersed_rotor,51,2010,0,484,0,328,0,1050,0,1067,0,997,0,953,0,9.83219740099466e-09,1.23330450509463,1.09368765511841e-15,4.12582195047805e-17,44
disk_translating,stokes_immersed_rotor,52,2022,0,478,0,358,0,1050,0,1024,0,1112,0,988,0,9.70531391617264e-09,1.21495536075346,1.13602256387783e-15,4.12564367464291e-17,44
disk_translating,stokes_immersed_rotor,53,1966,0,483,0,374,0,1199,0,1064,0,1017,0,957,0,9.75599108918864e-09,1.20338444151912,1.03529156079331e-15,5.83470104956971e-17,44
disk_translating,stokes_immersed_rotor,54,2043,0,480,0,342,0,1088,0,1015,0,1036,0,957,0,9.61495038079627e-09,1.20972835042304,1.09396938397332e-15,7.14605868390562e-17,44
disk_translating,stokes_immersed_rotor,55,2058,0,471,0,324,0,945,0,1115,0,1258,0,876,0,9.85387990378816e-09,1.25182538998664,1.14026525910873e-15,9.22508621810692e-17,44
disk_translating,stokes_immersed_rotor,56,2076,0,485,0,317,0,953,0,1125,0,1130,0,897,0,9.55344414575268e-09,1.25127536456571,1.26517857203591e-15,7.14573817617489e-17,44
disk_translating,stokes_immersed_rotor,57,2032,0,482,0,323,0,1145,0,1160,0,1033,0,870,0,9.72593266596149e-09,1.22905242518684,1.29131624507931e-15,1.09149581240357e-16,44
disk_translating,stokes_immersed_rotor,58,1981,0,482,0,328,0,1088,0,975,0,1043,0,927,0,9.16521314958981e-09,1.22375740065613,1.27915967542145e-15,4.12914915535613e-17,44
disk_translating,stokes_immersed_rotor,59,1994,0,477,0,355,0,1053,0,1003,0,1094,0,938,0,9.93934618561075e-09,1.19480035897151,1.24919628533887e-15,1.30607626711257e-18,44
disk_translating,stokes_immersed_rotor,60,1970,0,483,0,340,0,967,0,1089,0,1110,0,952,0,9.48597996084745e-09,1.21993834809045,1.1729915159269e-15,4.12599982126295e-17,44
disk_static,stokes_immersed_rotor,1,1993,0,477,0,354,0,241,0,265,0,895,0,57,0,9.07824140915688e-09,NaN,4.86271942226282e-15,0.0753691734212728,44
disk_static,stokes_immersed_rotor,2,2062,0,483,0,368,0,242,0,267,0,915,0,66,0,7.32860514840293e-09,0,2.08875947703009e-15,0.0921059652498976,44
disk_static,stokes_immersed_rotor,3,2075,0,480,0,370,0,242,0,265,0,914,0,66,0,7.09158855745379e-09,0,2.22419381489732e-15,0.0956935580523607,44
disk_static,stokes_immersed_rotor,4,2065,0,481,0,370,0,243,0,266,0,916,0,67,0,6.90927059134093e-09,0,2.06330425551679e-15,0.0603215732568695,44
disk_static,stokes_immersed_rotor,5,2059,0,484,0,371,0,243,0,267,0,914,0,66,0,7.59548499173124e-09,0,2.18545519608449e-15,0.0531438585425956,44
disk_static,stokes_immersed_rotor,6,2070,0,482,0,369,0,244,0,266,0,913,0,66,0,7.23497633663957e-09,0,2.03215986386893e-15,0.0989666126815913,44
disk_static,stokes_immersed_rotor,7,2069,0,484,0,369,0,245,0,266,0,912,0,66,0,9.84406803416364e-09,0,2.23360632044865e-15,0.0619911554927593,44
disk_static,stokes_immersed_rotor,8,2062,0,476,0,370,0,241,0,266,0,912,0,66,0,7.11954529195097e-09,0,1.88580846750549e-15,0.109367796115693,44
disk_static,stokes_immersed_rotor,9,2060,0,482,0,371,0,243,0,266,0,914,0,67,0,6.90953708075826e-09,0,2.23997862376686e-15,0.0638466614110079,44
disk_static,stokes_immersed_rotor,10,2069,0,483,0,370,0,242,0,268,0,915,0,66,0,8.21039844087502e-09,0,1.9733807068111e-15,0.0943985827803323,44
disk_static,stokes_immersed_rotor,11,2065,0,484,0,370,0,242,0,266,0,914,0,66,0,6.40046190405865e-09,0,1.97569891044328e-15,0.102675630317481,44
disk_static,stokes_immersed_rotor,12,2062,0,483,0,370,0,243,0,267,0,913,0,66,0,7.54120564540447e-09,0,2.26610903978173e-15,0.0619919804873147,44
disk_static,stokes_immersed_rotor,13,2065,0,473,0,369,0,242,0,267,0,914,0,66,0,8.69180459099003e-09,0,2.26273993587393e-15,0.139814788819105,44
disk_static,stokes_immersed_rotor,14,2069,0,484,0,370,0,243,0,265,0,912,0,66,0,9.1822435089533e-09,0,2.21412704229098e-15,0.0920958400759572,44
disk_static,stokes_immersed_rotor,15,2059,0,484,0,370,0,243,0,265,0,911,0,66,0,7.74869886264899e-09,0,1.85288128218884e-15,0.0796224506845335,44
disk_static,stokes_immersed_rotor,16,2051,0,484,0,370,0,244,0,266,0,916,0,65,0,8.34058729457905e-09,0,2.05304646132988e-15,0.0890791398042338,44
disk_static,stokes_immersed_rotor,17,2070,0,481,0,369,0,244,0,265,0,915,0,66,0,7.49058879668575e-09,0,1.93407846311876e-15,0.0450898849819989,44
disk_static,stokes_immersed_rotor,18,2074,0,481,0,370,0,243,0,265,0,914,0,66,0,7.07354523891112e-09,0,1.9800766375824e-15,0.0916592931513749,44
disk_static,stokes_immersed_rotor,19,2054,0,479,0,371,0,243,0,266,0,912,0,66,0,9.29180396374539e-09,0,1.95854126009146e-15,0.0954539170834917,44
disk_static,stokes_immersed_rotor,20,2062,0,474,0,370,0,242,0,267,0,914,0,66,0,9.06044451557442e-09,0,2.04996871477824e-15,0.140014508961522,44
disk_static,stokes_immersed_rotor,21,2067,0,482,0,371,0,244,0,266,0,913,0,66,0,6.534305111322e-09,0,2.07692302819513e-15,0.0652238487958434,44
disk_static,stokes_immersed_rotor,22,2066,0,483,0,370,0,242,0,267,0,916,0,66,0,8.92393672934792e-09,0,2.21807467435573e-15,0.088120561403512,44
disk_static,stokes_immersed_rotor,23,2058,0,484,0,371,0,244,0,266,0,914,0,65,0,7.83829493460165e-09,0,1.89815903899815e-15,0.0708668700427825,44
disk_static,stokes_immersed_rotor,24,2062,0,482,0,369,0,241,0,266,0,917,0,66,0,9.26546746995251e-09,0,2.17288397647308e-15,0.0650435341310574,44
disk_static,stokes_immersed_rotor,25,2072,0,483,0,368,0,243,0,267,0,915,0,66,0,9.54332156468956e-09,0,2.21771653574239e-15,0.086524613560268,44
disk_static,stokes_immersed_rotor,26,2062,0,484,0,368,0,243,0,265,0,914,0,66,0,7.15587422515976e-09,0,1.95336417177753e-15,0.0846288394301818,44
disk_static,stokes_immersed_rotor,27,2061,0,483,0,371,0,244,0,266,0,917,0,66,0,9.05520059834864e-09,0,2.21983878267231e-15,0.0752661561142967,44
disk_static,stokes_immersed_rotor,28,2066,0,482,0,368,0,243,0,265,0,919,0,66,0,8.02995892540401e-09,0,2.17618894644011e-15,0.0983982853535252,44
disk_static,stokes_immersed_rotor,29,2061,0,479,0,368,0,244,0,269,0,912,0,66,0,6.51868360111142e-09,0,1.86107181349221e-15,0.0627187388020474,44
disk_static,stokes_immersed_rotor,30,2063,0,481,0,370,0,244,0,266,0,916,0,66,0,8.16764098473187e-09,0,2.04818230127684e-15,0.0858895300183358,44
disk_static,stokes_immersed_rotor,31,2059,0,479,0,371,0,244,0,265,0,916,0,66,0,7.11196215634086e-09,0,1.95697093731572e-15,0.063228868624922,44
disk_static,stokes_immersed_rotor,32,2069,0,474,0,369,0,243,0,266,0,918,0,66,0,9.05628371469704e-09,0,2.20721445754884e-15,0.0571606931733852,44
disk_static,stokes_immersed_rotor,33,2069,0,477,0,369,0,243,0,266,0,915,0,66,0,7.70021246723926e-09,0,2.03850273233226e-15,0.0954021836858497,44
disk_static,stokes_immersed_rotor,34,2058,0,485,0,370,0,241,0,266,0,914,0,66,0,7.11407212520509e-09,0,2.13195049414333e-15,0.0876002535951912,44
disk_static,stokes_immersed_rotor,35,2053,0,481,0,371,0,243,0,266,0,915,0,66,0,6.44225507098747e-09,0,2.19708169728216e-15,0.0835539802065284,44
disk_static,stokes_immersed_rotor,36,2070,0,481,0,370,0,244,0,266,0,915,0,66,0,7.2263125916368e-09,0,2.16949387286378e-15,0.0977998241371519,44
disk_static,stokes_immersed_rotor,37,2056,0,485,0,370,0,244,0,265,0,914,0,67,0,6.91806731989315e-09,0,2.17096981159087e-15,0.0917639698749349,44
disk_static,stokes_immersed_rotor,38,2058,0,483,0,370,0,242,0,268,0,914,0,66,0,6.74591627483894e-09,0,1.86198805376588e-15,0.0897640310778893,44
disk_static,stokes_immersed_rotor,39,2063,0,480,0,371,0,245,0,265,0,909,0,66,0,7.79725701698446e-09,0,2.19223589901427e-15,0.112665172113153,44
disk_static,stokes_immersed_rotor,40,2056,0,485,0,371,0,244,0,265,0,919,0,65,0,8.37990307899277e-09,0,2.12489204697649e-15,0.0673018609344258,44
disk_static,stokes_immersed_rotor,41,2066,0,478,0,371,0,243,0,266,0,914,0,66,0,7.94654192623431e-09,0,2.05024111078759e-15,0.0834901784766029,44
disk_static,stokes_immersed_rotor,42,2064,0,479,0,369,0,242,0,265,0,911,0,66,0,7.06671548031958e-09,0,2.2330531334155e-15,0.0534321964780358,44
disk_static,stokes_immersed_rotor,43,2059,0,484,0,369,0,244,0,267,0,913,0,66,0,6.87629529823905e-09,0,1.99409294060073e-15,0.0469615306486787,44
disk_static,stokes_immersed_rotor,44,2066,0,483,0,371,0,242,0,267,0,916,0,66,0,9.69373714549678e-09,0,2.20773048771261e-15,0.0912688651454471,44
disk_static,stokes_immersed_rotor,45,2067,0,478,0,371,0,245,0,265,0,912,0,67,0,6.91669122648063e-09,0,2.19711946765544e-15,0.0914822536018127,44
disk_static,stokes_immersed_rotor,46,2062,0,484,0,371,0,243,0,266,0,913,0,67,0,6.91121509132034e-09,0,1.96639883483107e-15,0.0832558377365046,44
disk_static,stokes_immersed_rotor,47,2064,0,481,0,369,0,242,0,266,0,912,0,66,0,6.82962610988294e-09,0,2.15713409211621e-15,0.094989701469376,44
disk_static,stokes_immersed_rotor,48,2066,0,483,0,369,0,242,0,265,0,911,0,66,0,6.41776388720544e-09,0,1.93060579505625e-15,0.100977004334315,44
disk_static,stokes_immersed_rotor,49,2070,0,481,0,370,0,242,0,265,0,914,0,67,0,6.91359309598762e-09,0,2.10268497164194e-15,0.069082861497774,44
disk_static,stokes_immersed_rotor,50,2060,0,485,0,369,0,243,0,266,0,915,0,66,0,6.85840165700593e-09,0,1.96367876406729e-15,0.0640093783961767,44
disk_static,stokes_immersed_rotor,51,2057,0,478,0,369,0,242,0,265,0,913,0,66,0,7.26222464453494e-09,0,2.24929121482376e-15,0.0639074320207656,44
disk_static,stokes_immersed_rotor,52,2065,0,476,0,371,0,243,0,265,0,912,0,67,0,6.91740052207472e-09,0,2.29393904809981e-15,0.0649529417492902,44
disk_static,stokes_immersed_rotor,53,2058,0,479,0,369,0,242,0,265,0,916,0,66,0,7.02693284369131e-09,0,2.23053135395672e-15,0.0917145279343563,44
disk_static,stokes_immersed_rotor,54,2066,0,482,0,369,0,242,0,267,0,914,0,66,0,6.40337589233918e-09,0,1.91489504056967e-15,0.0661253203317186,44
disk_static,stokes_immersed_rotor,55,2066,0,483,0,371,0,244,0,264,0,917,0,66,0,6.40204754595378e-09,0,1.89808985327246e-15,0.067757493533518,44
disk_static,stokes_immersed_rotor,56,2064,0,484,0,369,0,243,0,266,0,915,0,66,0,7.6870451658862e-09,0,2.07681117567601e-15,0.0964085880001885,44
disk_static,stokes_immersed_rotor,57,2064,0,483,0,370,0,242,0,266,0,915,0,66,0,6.80985753103973e-09,0,1.99420290837863e-15,0.0794021435052589,44
disk_static,stokes_immersed_rotor,58,2065,0,484,0,368,0,243,0,267,0,915,0,66,0,8.79057718580667e-09,0,1.91922214814743e-15,0.0813092578213489,44
disk_static,stokes_immersed_rotor,59,2067,0,485,0,372,0,244,0,267,0,914,0,67,0,6.9118878384227e-09,0,2.1915514652981e-15,0.106132292677011,44
disk_static,stokes_immersed_rotor,60,2069,0,484,0,371,0,243,0,266,0,910,0,67,0,6.91016345461987e-09,0,1.98076508775022e-15,0.0998362025452299,44
